"Tanggal","Terakhir","Pembukaan","Tertinggi","Terendah","Vol.","Perubahan%"
"27/02/2026","7.175","7.200","7.275","7.175","193,10M","-1,71%"
"26/02/2026","7.300","7.350","7.375","7.200","127,81M","-0,34%"
"25/02/2026","7.325","7.275","7.375","7.250","133,28M","1,38%"
"24/02/2026","7.225","7.275","7.325","7.225","159,23M","-1,03%"
"23/02/2026","7.300","7.300","7.350","7.275","102,02M","1,04%"
"20/02/2026","7.225","7.175","7.250","7.150","122,96M","0,70%"
"19/02/2026","7.175","7.325","7.325","7.175","133,46M","-1,37%"
"18/02/2026","7.275","7.225","7.375","7.225","125,30M","1,04%"
"13/02/2026","7.200","7.325","7.325","7.200","356,02M","-1,71%"
"12/02/2026","7.325","7.450","7.475","7.300","237,47M","-1,68%"
"11/02/2026","7.450","7.475","7.525","7.400","213,50M","-0,33%"
"10/02/2026","7.475","7.500","7.550","7.450","127,70M","-0,33%"
"09/02/2026","7.500","7.675","7.725","7.450","174,76M","-2,28%"
"06/02/2026","7.675","7.700","7.775","7.600","176,35M","-1,60%"
"05/02/2026","7.800","7.800","7.925","7.800","142,33M","0,00%"
"04/02/2026","7.800","7.650","7.825","7.600","193,37M","1,96%"
"03/02/2026","7.650","7.600","7.650","7.375","206,02M","0,66%"
"02/02/2026","7.600","7.600","7.600","7.325","326,95M","2,70%"
"30/01/2026","7.400","7.200","7.600","7.200","528,43M","2,78%"
"29/01/2026","7.200","6.675","7.275","6.375","1,43B","2,49%"
"28/01/2026","7.025","7.050","7.400","6.925","1,03B","-6,33%"
"27/01/2026","7.500","7.575","7.625","7.500","259,83M","-1,96%"
"26/01/2026","7.650","7.550","7.675","7.525","213,04M","0,00%"
"23/01/2026","7.650","7.600","7.675","7.550","202,88M","0,00%"
"22/01/2026","7.650","7.700","7.775","7.600","268,03M","-0,65%"
"21/01/2026","7.700","7.925","7.950","7.700","301,83M","-3,75%"
"20/01/2026","8.000","8.050","8.125","8.000","82,67M","-1,54%"
"19/01/2026","8.125","8.075","8.125","7.975","172,10M","0,62%"
"15/01/2026","8.075","8.000","8.175","7.975","151,75M","0,94%"
"14/01/2026","8.000","8.025","8.050","7.950","105,72M","-0,93%"
"13/01/2026","8.075","8.025","8.075","8.000","80,54M","0,62%"
"12/01/2026","8.025","8.075","8.100","8.000","82,94M","-1,23%"
"09/01/2026","8.125","8.125","8.175","8.050","79,48M","0,93%"
"08/01/2026","8.050","8.100","8.150","8.050","79,82M","-1,23%"
"07/01/2026","8.150","8.125","8.175","8.025","93,15M","-0,31%"
"06/01/2026","8.175","8.175","8.175","8.075","97,62M","1,24%"
"05/01/2026","8.075","8.000","8.100","8.000","73,41M","0,62%"
"02/01/2026","8.025","8.075","8.075","8.000","68,61M","-0,62%"
"30/12/2025","8.075","7.950","8.175","7.950","102,00M","0,62%"
"29/12/2025","8.025","8.025","8.025","7.950","78,40M","0,00%"
"24/12/2025","8.025","8.025","8.075","8.000","71,26M","0,00%"
"23/12/2025","8.025","8.100","8.125","7.975","85,04M","-1,83%"
"22/12/2025","8.175","8.050","8.175","8.025","72,42M","1,55%"
"19/12/2025","8.050","8.200","8.225","8.050","131,07M","-1,53%"
"18/12/2025","8.175","8.025","8.250","8.025","88,50M","1,87%"
"17/12/2025","8.025","8.000","8.125","7.975","89,80M","-0,62%"
"16/12/2025","8.075","8.375","8.375","8.025","122,33M","-2,71%"
"15/12/2025","8.300","7.925","8.300","7.925","143,11M","3,75%"
"12/12/2025","8.000","7.900","8.000","7.850","100,01M","0,00%"
"11/12/2025","8.000","8.175","8.200","7.900","140,77M","-0,93%"
"10/12/2025","8.075","8.100","8.175","8.025","143,42M","-0,31%"
"09/12/2025","8.100","8.300","8.300","8.100","113,06M","-2,41%"
"08/12/2025","8.300","8.350","8.350","8.250","61,75M","0,00%"
"05/12/2025","8.300","8.200","8.300","8.200","71,16M","0,91%"
"04/12/2025","8.225","8.325","8.350","8.225","71,41M","-0,90%"
"03/12/2025","8.300","8.350","8.400","8.300","103,55M","-0,90%"
"02/12/2025","8.375","8.350","8.425","8.350","97,04M","-0,30%"
"01/12/2025","8.400","8.450","8.450","8.350","76,36M","1,51%"
"28/11/2025","8.275","8.325","8.350","8.275","67,56M","-0,60%"
"27/11/2025","8.325","8.425","8.450","8.325","71,05M","-1,19%"
"26/11/2025","8.425","8.400","8.450","8.375","77,09M","-0,88%"
"25/11/2025","8.500","8.475","8.500","8.375","98,81M","0,29%"
"24/11/2025","8.475","8.400","8.475","8.350","279,59M","0,89%"
"21/11/2025","8.400","8.375","8.425","8.350","103,92M","-0,30%"
"20/11/2025","8.425","8.475","8.600","8.400","124,09M","-0,59%"
"19/11/2025","8.475","8.350","8.500","8.325","114,21M","0,89%"
"18/11/2025","8.400","8.550","8.575","8.400","119,38M","-2,04%"
"17/11/2025","8.575","8.500","8.575","8.475","129,41M","1,78%"
"14/11/2025","8.425","8.375","8.500","8.375","89,82M","0,60%"
"13/11/2025","8.375","8.400","8.475","8.375","104,11M","-1,47%"
"12/11/2025","8.500","8.425","8.550","8.400","85,42M","1,19%"
"11/11/2025","8.400","8.575","8.600","8.400","130,90M","-2,04%"
"10/11/2025","8.575","8.675","8.675","8.575","79,90M","-1,15%"
"07/11/2025","8.675","8.550","8.675","8.550","75,24M","1,46%"
"06/11/2025","8.550","8.625","8.675","8.550","89,76M","-1,72%"
"05/11/2025","8.700","8.625","8.700","8.600","125,73M","0,58%"
"04/11/2025","8.650","8.650","8.700","8.625","155,23M","0,00%"
"03/11/2025","8.650","8.650","8.650","8.525","115,01M","1,47%"
"31/10/2025","8.525","8.550","8.650","8.525","177,09M","0,00%"
"30/10/2025","8.525","8.575","8.750","8.475","259,01M","-0,87%"
"29/10/2025","8.600","8.300","8.600","8.275","239,16M","3,93%"
"28/10/2025","8.275","8.350","8.400","8.250","180,27M","-0,90%"
"27/10/2025","8.350","8.325","8.425","8.200","182,28M","0,91%"
"24/10/2025","8.275","8.300","8.375","8.275","133,36M","-0,60%"
"23/10/2025","8.325","8.200","8.350","8.150","187,00M","1,52%"
"22/10/2025","8.200","8.700","8.700","8.200","392,96M","-3,24%"
"21/10/2025","8.475","8.100","8.475","8.100","529,80M","7,62%"
"20/10/2025","7.875","7.700","8.000","7.625","393,42M","5,00%"
"17/10/2025","7.500","7.300","7.525","7.275","157,33M","2,74%"
"16/10/2025","7.300","7.250","7.325","7.225","120,61M","0,69%"
"15/10/2025","7.250","7.250","7.350","7.225","133,21M","0,00%"
"14/10/2025","7.250","7.275","7.350","7.250","151,87M","-1,02%"
"13/10/2025","7.325","7.300","7.375","7.300","101,85M","-1,01%"
"10/10/2025","7.400","7.450","7.450","7.350","107,43M","-1,99%"
"09/10/2025","7.550","7.375","7.700","7.300","293,57M","2,37%"
"08/10/2025","7.375","7.500","7.525","7.375","168,08M","-2,64%"
"07/10/2025","7.575","7.550","7.600","7.500","74,28M","1,00%"
"06/10/2025","7.500","7.500","7.550","7.450","104,04M","-0,33%"
"03/10/2025","7.525","7.525","7.550","7.500","76,79M","0,33%"
"02/10/2025","7.500","7.500","7.600","7.500","126,95M","0,00%"
"01/10/2025","7.500","7.600","7.675","7.500","202,43M","-1,64%"
"30/09/2025","7.625","7.700","7.775","7.625","170,67M","-1,93%"
"29/09/2025","7.775","7.750","7.800","7.700","116,45M","1,97%"
"26/09/2025","7.625","7.575","7.700","7.575","121,66M","-0,97%"
"25/09/2025","7.700","7.725","7.775","7.700","147,99M","-0,96%"
"24/09/2025","7.775","7.950","7.950","7.725","150,43M","-1,27%"
"23/09/2025","7.875","7.750","7.900","7.750","102,61M","1,94%"
"22/09/2025","7.725","7.800","7.825","7.725","92,59M","-0,96%"
"19/09/2025","7.800","7.650","7.825","7.650","149,03M","1,30%"
"18/09/2025","7.700","7.850","7.900","7.650","275,38M","-1,91%"
"17/09/2025","7.850","7.850","7.900","7.800","183,73M","-0,95%"
"16/09/2025","7.925","8.050","8.075","7.900","129,31M","-1,25%"
"15/09/2025","8.025","8.000","8.100","7.975","142,57M","1,26%"
"12/09/2025","7.925","7.975","7.975","7.850","156,08M","0,96%"
"11/09/2025","7.850","7.900","7.975","7.850","235,17M","0,64%"
"10/09/2025","7.800","7.550","7.800","7.550","246,85M","3,65%"
"09/09/2025","7.525","7.625","7.725","7.475","595,37M","-2,27%"
"08/09/2025","7.700","8.025","8.025","7.700","321,19M","-3,75%"
"04/09/2025","8.000","7.975","8.000","7.925","103,53M","0,31%"
"03/09/2025","7.975","7.900","8.000","7.900","212,37M","-0,31%"
"02/09/2025","8.000","8.000","8.175","8.000","155,53M","0,00%"
"01/09/2025","8.000","7.650","8.050","7.600","421,13M","-0,93%"
"29/08/2025","8.075","8.250","8.275","8.075","236,50M","-3,00%"
"28/08/2025","8.325","8.350","8.375","8.275","81,28M","0,30%"
"27/08/2025","8.300","8.250","8.350","8.200","111,92M","0,61%"
"26/08/2025","8.250","8.450","8.475","8.250","326,79M","-2,65%"
"25/08/2025","8.475","8.525","8.550","8.475","64,05M","0,30%"
"22/08/2025","8.450","8.575","8.575","8.450","66,39M","-1,17%"
"21/08/2025","8.550","8.550","8.575","8.500","69,47M","0,29%"
"20/08/2025","8.525","8.375","8.600","8.350","202,26M","0,29%"
"19/08/2025","8.500","8.600","8.600","8.450","128,59M","-2,30%"
"15/08/2025","8.700","8.825","8.850","8.700","68,75M","-0,85%"
"14/08/2025","8.775","8.925","8.950","8.750","122,93M","-1,68%"
"13/08/2025","8.925","8.975","8.975","8.725","129,08M","0,85%"
"12/08/2025","8.850","8.625","8.875","8.575","171,02M","3,51%"
"11/08/2025","8.550","8.500","8.550","8.425","128,56M","3,01%"
"08/08/2025","8.300","8.325","8.400","8.300","68,38M","0,00%"
"07/08/2025","8.300","8.325","8.350","8.300","43,62M","0,00%"
"06/08/2025","8.300","8.425","8.425","8.300","56,33M","-1,48%"
"05/08/2025","8.425","8.350","8.450","8.325","69,48M","1,81%"
"04/08/2025","8.275","8.325","8.350","8.275","49,05M","-0,30%"
"01/08/2025","8.300","8.400","8.425","8.300","86,20M","0,30%"
"31/07/2025","8.275","8.350","8.375","8.250","206,01M","-1,19%"
"30/07/2025","8.375","8.475","8.475","8.325","98,10M","-0,30%"
"29/07/2025","8.400","8.500","8.500","8.375","104,24M","-1,18%"
"28/07/2025","8.500","8.625","8.625","8.475","99,48M","0,59%"
"25/07/2025","8.450","8.500","8.525","8.450","58,68M","-0,59%"
"24/07/2025","8.500","8.475","8.550","8.450","138,26M","0,89%"
"23/07/2025","8.425","8.450","8.500","8.400","70,97M","0,30%"
"22/07/2025","8.400","8.450","8.475","8.400","77,98M","-0,59%"
"21/07/2025","8.450","8.450","8.500","8.375","95,38M","0,30%"
"18/07/2025","8.425","8.550","8.575","8.425","80,43M","-1,17%"
"17/07/2025","8.525","8.500","8.550","8.500","86,02M","0,00%"
"16/07/2025","8.525","8.550","8.600","8.500","97,48M","-0,29%"
"15/07/2025","8.550","8.600","8.600","8.475","77,22M","0,29%"
"14/07/2025","8.525","8.650","8.675","8.450","125,20M","-1,16%"
"11/07/2025","8.625","8.575","8.675","8.575","135,99M","0,29%"
"10/07/2025","8.600","8.525","8.650","8.500","111,77M","1,18%"
"09/07/2025","8.500","8.500","8.550","8.450","94,46M","0,00%"
"08/07/2025","8.500","8.550","8.600","8.425","215,61M","-1,45%"
"07/07/2025","8.625","8.625","8.650","8.550","49,94M","-0,29%"
"04/07/2025","8.650","8.650","8.700","8.550","43,59M","0,58%"
"03/07/2025","8.600","8.700","8.750","8.600","50,37M","-0,86%"
"02/07/2025","8.675","8.575","8.675","8.575","68,55M","-0,29%"
"01/07/2025","8.700","8.750","8.775","8.600","82,39M","0,29%"
"30/06/2025","8.675","8.575","8.825","8.550","185,44M","0,29%"
"26/06/2025","8.650","8.525","8.650","8.525","117,28M","0,58%"
"25/06/2025","8.600","8.725","8.775","8.475","117,56M","-1,99%"
"24/06/2025","8.775","8.725","8.850","8.700","110,16M","1,74%"
"23/06/2025","8.625","8.575","8.700","8.500","87,32M","-0,86%"
"20/06/2025","8.700","8.700","8.875","8.625","445,92M","-0,85%"
"19/06/2025","8.775","8.900","8.925","8.750","78,88M","-1,40%"
"18/06/2025","8.900","8.950","9.025","8.900","86,27M","-1,93%"
"17/06/2025","9.075","8.975","9.100","8.975","54,93M","1,68%"
"16/06/2025","8.925","8.925","9.000","8.900","57,83M","-1,11%"
"13/06/2025","9.025","9.100","9.125","8.975","83,32M","-1,10%"
"12/06/2025","9.125","9.000","9.125","9.000","41,34M","0,83%"
"11/06/2025","9.050","9.100","9.125","9.050","56,63M","-0,55%"
"10/06/2025","9.100","8.975","9.100","8.950","80,41M","1,96%"
"05/06/2025","8.925","9.000","9.050","8.900","95,53M","-0,56%"
"04/06/2025","8.975","9.100","9.125","8.950","93,36M","-0,83%"
"03/06/2025","9.050","9.050","9.125","8.950","128,32M","-0,55%"
"02/06/2025","9.100","9.025","9.175","9.025","264,43M","-3,19%"
"28/05/2025","9.400","9.450","9.550","9.400","236,95M","-0,53%"
"27/05/2025","9.450","9.550","9.600","9.450","93,21M","-1,82%"
"26/05/2025","9.625","9.600","9.650","9.500","56,63M","-0,52%"
"23/05/2025","9.675","9.775","9.775","9.625","61,19M","0,26%"
"22/05/2025","9.650","9.800","9.800","9.650","103,11M","-0,52%"
"21/05/2025","9.700","9.700","9.725","9.550","169,74M","2,37%"
"20/05/2025","9.475","9.500","9.675","9.475","160,61M","-0,26%"
"19/05/2025","9.500","9.275","9.500","9.250","111,60M","2,15%"
"16/05/2025","9.300","9.300","9.325","9.225","63,01M","0,27%"
"15/05/2025","9.275","9.275","9.400","9.250","101,40M","0,00%"
"14/05/2025","9.275","9.250","9.300","9.150","149,00M","3,06%"
"09/05/2025","9.000","9.050","9.050","8.975","47,17M","0,28%"
"08/05/2025","8.975","9.075","9.200","8.925","99,61M","-1,10%"
"07/05/2025","9.075","9.075","9.100","9.000","77,38M","0,55%"
"06/05/2025","9.025","9.050","9.050","8.975","48,86M","0,56%"
"05/05/2025","8.975","9.000","9.050","8.975","86,39M","0,00%"
"02/05/2025","8.975","9.000","9.000","8.850","92,22M","1,70%"
"30/04/2025","8.825","8.800","8.925","8.675","164,60M","1,15%"
"29/04/2025","8.725","8.800","8.825","8.700","60,32M","-0,57%"
"28/04/2025","8.775","8.750","8.775","8.650","73,24M","2,03%"
"25/04/2025","8.600","8.650","8.650","8.575","58,30M","1,47%"
"24/04/2025","8.475","8.850","8.850","8.475","143,68M","-2,87%"
"23/04/2025","8.725","8.550","8.725","8.550","92,33M","2,65%"
"22/04/2025","8.500","8.325","8.500","8.325","56,54M","2,41%"
"21/04/2025","8.300","8.500","8.500","8.300","40,68M","-2,35%"
"17/04/2025","8.500","8.450","8.500","8.350","83,54M","0,29%"
"16/04/2025","8.475","8.500","8.550","8.425","76,89M","-1,17%"
"15/04/2025","8.575","8.575","8.600","8.450","83,43M","2,08%"
"14/04/2025","8.400","8.250","8.400","8.250","83,32M","1,51%"
"11/04/2025","8.275","8.200","8.325","8.050","82,61M","0,61%"
"10/04/2025","8.225","8.500","8.650","8.175","144,15M","3,79%"
"09/04/2025","7.925","7.700","7.950","7.675","136,75M","1,93%"
"08/04/2025","7.775","7.400","8.000","7.275","533,07M","-8,53%"
"27/03/2025","8.500","8.425","8.575","8.375","122,94M","-0,29%"
"26/03/2025","8.525","8.300","8.650","8.275","283,10M","5,90%"
"25/03/2025","8.050","8.075","8.150","8.000","136,34M","1,26%"
"24/03/2025","7.950","7.825","8.100","7.625","331,84M","0,63%"
"21/03/2025","7.900","8.275","8.275","7.900","377,92M","-5,67%"
"20/03/2025","8.375","8.450","8.475","8.350","152,92M","0,60%"
"19/03/2025","8.325","8.300","8.400","8.225","214,11M","0,30%"
"18/03/2025","8.300","8.500","8.550","8.075","417,31M","-3,49%"
"17/03/2025","8.600","8.750","8.775","8.550","151,37M","-1,71%"
"14/03/2025","8.750","8.800","8.925","8.750","111,40M","-2,51%"
"13/03/2025","8.975","9.150","9.175","8.975","83,03M","-1,64%"
"12/03/2025","9.125","9.025","9.125","8.975","87,97M","2,24%"
"11/03/2025","8.925","8.950","9.050","8.875","109,30M","0,00%"
"10/03/2025","8.925","8.750","8.975","8.725","97,65M","0,00%"
"07/03/2025","8.925","9.000","9.000","8.925","82,30M","-0,56%"
"06/03/2025","8.975","9.200","9.200","8.975","96,27M","-0,28%"
"05/03/2025","9.000","8.825","9.175","8.825","155,21M","1,69%"
"04/03/2025","8.850","8.900","8.925","8.675","125,42M","0,57%"
"03/03/2025","8.800","8.600","8.900","8.550","192,94M","4,45%"
"28/02/2025","8.425","8.525","8.675","8.425","293,10M","-1,17%"
"27/02/2025","8.525","8.800","8.800","8.500","199,99M","-2,85%"
"26/02/2025","8.775","8.800","8.900","8.725","117,84M","-0,57%"
"25/02/2025","8.825","8.900","9.000","8.825","101,59M","-1,12%"
"24/02/2025","8.925","8.925","8.975","8.875","108,53M","-0,83%"
"21/02/2025","9.000","8.950","9.000","8.925","106,05M","0,00%"
"20/02/2025","9.000","8.975","9.025","8.950","119,26M","0,56%"
"19/02/2025","8.950","9.225","9.250","8.950","154,44M","-3,76%"
"18/02/2025","9.300","9.325","9.575","9.250","107,32M","-0,27%"
"17/02/2025","9.325","8.975","9.325","8.975","89,10M","3,90%"
"14/02/2025","8.975","9.000","9.075","8.950","116,27M","-0,28%"
"13/02/2025","9.000","9.100","9.150","9.000","90,44M","-1,64%"
"12/02/2025","9.150","8.950","9.150","8.950","121,17M","0,83%"
"11/02/2025","9.075","9.025","9.100","9.000","71,19M","-0,82%"
"10/02/2025","9.150","9.025","9.250","9.025","76,21M","-2,14%"
"07/02/2025","9.350","8.950","9.350","8.825","131,16M","4,47%"
"06/02/2025","8.950","9.075","9.100","8.850","171,48M","-1,92%"
"05/02/2025","9.125","9.100","9.175","9.100","98,23M","-0,54%"
"04/02/2025","9.175","9.350","9.400","9.175","94,61M","-1,87%"
"03/02/2025","9.350","9.400","9.400","9.225","90,44M","-1,06%"
"31/01/2025","9.450","9.250","9.500","9.225","112,98M","3,28%"
"30/01/2025","9.150","9.150","9.275","9.150","154,65M","-2,14%"
"24/01/2025","9.350","9.625","9.650","9.350","152,06M","-2,60%"
"23/01/2025","9.600","9.600","9.750","9.600","120,52M","0,00%"
"22/01/2025","9.600","9.650","9.675","9.575","90,15M","0,26%"
"21/01/2025","9.575","9.600","9.675","9.550","124,55M","-0,52%"
"20/01/2025","9.625","9.850","9.875","9.625","112,11M","-2,78%"
"17/01/2025","9.900","9.750","9.900","9.650","71,03M","1,54%"
"16/01/2025","9.750","9.850","9.925","9.750","76,98M","-0,51%"
"15/01/2025","9.800","9.575","9.800","9.550","77,10M","2,89%"
"14/01/2025","9.525","9.600","9.725","9.525","70,94M","-1,55%"
"13/01/2025","9.675","9.625","9.725","9.625","88,27M","-0,51%"
"10/01/2025","9.725","9.800","9.925","9.725","72,53M","-1,27%"
"09/01/2025","9.850","9.750","9.875","9.725","42,73M","1,81%"
"08/01/2025","9.675","9.675","9.775","9.575","55,94M","1,57%"
"07/01/2025","9.525","9.675","9.725","9.525","71,32M","-1,55%"
"06/01/2025","9.675","9.850","9.875","9.650","41,59M","-1,78%"
"03/01/2025","9.850","9.850","9.925","9.825","41,92M","-0,51%"
"02/01/2025","9.900","9.650","9.900","9.650","38,12M","2,33%"
"30/12/2024","9.675","9.800","9.825","9.675","56,35M","-1,28%"
"27/12/2024","9.800","9.800","9.825","9.725","24,02M","0,51%"
"24/12/2024","9.750","9.850","9.900","9.750","32,42M","-0,26%"
"23/12/2024","9.775","9.700","9.850","9.700","43,29M","1,30%"
"20/12/2024","9.650","9.650","9.750","9.625","91,58M","-0,26%"
"19/12/2024","9.675","9.700","9.775","9.550","104,25M","-1,28%"
"18/12/2024","9.800","9.900","10.025","9.800","84,87M","-1,01%"
"17/12/2024","9.900","9.950","10.050","9.900","99,85M","-1,98%"
"16/12/2024","10.100","10.000","10.125","10.000","57,75M","0,50%"
"13/12/2024","10.050","10.125","10.225","10.025","75,13M","-1,23%"
"12/12/2024","10.175","10.300","10.375","10.175","44,78M","-2,40%"
"11/12/2024","10.425","10.225","10.425","10.225","37,93M","0,72%"
"10/12/2024","10.350","10.325","10.350","10.275","61,23M","0,00%"
"09/12/2024","10.350","10.025","10.350","10.000","64,46M","2,73%"
"06/12/2024","10.075","10.100","10.175","10.050","68,25M","-1,71%"
"05/12/2024","10.250","10.250","10.350","10.225","96,90M","0,49%"
"04/12/2024","10.200","10.175","10.250","10.050","97,88M","0,00%"
"03/12/2024","10.200","10.025","10.225","9.900","126,09M","4,62%"
"02/12/2024","9.750","10.000","10.050","9.750","87,88M","-2,50%"
"29/11/2024","10.000","10.000","10.100","9.950","76,89M","0,00%"
"28/11/2024","10.000","9.975","10.075","9.925","57,44M","0,00%"
"26/11/2024","10.000","10.250","10.250","10.000","62,31M","-1,72%"
"25/11/2024","10.175","9.950","10.200","9.900","165,37M","3,30%"
"22/11/2024","9.850","9.925","9.950","9.850","58,40M","0,00%"
"21/11/2024","9.850","10.000","10.000","9.850","93,18M","-2,23%"
"20/11/2024","10.075","10.025","10.150","10.000","58,58M","1,51%"
"19/11/2024","9.925","9.900","10.025","9.900","85,30M","-0,75%"
"18/11/2024","10.000","10.075","10.125","10.000","66,88M","-1,72%"
"15/11/2024","10.175","10.050","10.275","10.050","63,60M","0,74%"
"14/11/2024","10.100","10.125","10.175","10.050","56,38M","-0,49%"
"13/11/2024","10.150","10.225","10.250","10.150","62,93M","0,00%"
"12/11/2024","10.150","10.100","10.225","10.000","80,38M","1,00%"
"11/11/2024","10.050","9.800","10.050","9.800","128,71M","-0,25%"
"08/11/2024","10.075","10.200","10.225","10.050","92,22M","-0,98%"
"07/11/2024","10.175","10.325","10.450","10.175","131,58M","-2,63%"
"06/11/2024","10.450","10.475","10.500","10.375","50,32M","-0,48%"
"05/11/2024","10.500","10.300","10.575","10.300","50,30M","1,20%"
"04/11/2024","10.375","10.425","10.500","10.300","49,28M","-0,48%"
"01/11/2024","10.425","10.275","10.425","10.275","47,71M","1,71%"
"31/10/2024","10.250","10.325","10.475","10.250","97,55M","-0,97%"
"30/10/2024","10.350","10.275","10.400","10.275","114,48M","-1,43%"
"29/10/2024","10.500","10.525","10.575","10.500","49,68M","-0,94%"
"28/10/2024","10.600","10.825","10.825","10.600","39,06M","-1,40%"
"25/10/2024","10.750","10.650","10.750","10.625","34,85M","0,47%"
"24/10/2024","10.700","10.725","10.850","10.700","85,34M","0,47%"
"23/10/2024","10.650","10.475","10.650","10.475","48,90M","1,43%"
"22/10/2024","10.500","10.475","10.600","10.475","94,80M","-1,64%"
"21/10/2024","10.675","10.850","10.850","10.675","36,47M","-0,70%"
"18/10/2024","10.750","10.875","10.875","10.725","56,30M","0,23%"
"17/10/2024","10.725","10.550","10.800","10.500","66,99M","2,39%"
"16/10/2024","10.475","10.700","10.725","10.475","63,26M","-1,41%"
"15/10/2024","10.625","10.550","10.625","10.450","66,64M","1,19%"
"14/10/2024","10.500","10.375","10.500","10.375","31,74M","1,20%"
"11/10/2024","10.375","10.575","10.575","10.375","44,63M","-1,19%"
"10/10/2024","10.500","10.425","10.500","10.400","51,08M","0,72%"
"09/10/2024","10.425","10.400","10.525","10.400","56,84M","0,24%"
"08/10/2024","10.400","10.200","10.500","10.150","99,62M","0,97%"
"07/10/2024","10.300","10.350","10.375","10.250","91,87M","-1,67%"
"04/10/2024","10.475","10.400","10.475","10.350","58,50M","0,24%"
"03/10/2024","10.450","10.450","10.525","10.400","60,89M","-0,48%"
"02/10/2024","10.500","10.325","10.550","10.325","86,75M","-0,47%"
"01/10/2024","10.550","10.400","10.550","10.375","59,80M","2,18%"
"30/09/2024","10.325","10.475","10.550","10.325","144,69M","-3,05%"
"27/09/2024","10.650","10.500","10.750","10.400","93,03M","-0,47%"
"26/09/2024","10.700","10.875","10.875","10.675","84,96M","-1,38%"
"25/09/2024","10.850","10.675","10.850","10.525","158,37M","0,46%"
"24/09/2024","10.800","10.775","10.950","10.775","105,19M","-1,37%"
"23/09/2024","10.950","10.725","10.950","10.725","72,55M","1,62%"
"20/09/2024","10.775","10.900","10.900","10.775","142,19M","-1,15%"
"19/09/2024","10.900","10.700","10.900","10.650","140,89M","2,59%"
"18/09/2024","10.625","10.500","10.625","10.450","65,42M","1,19%"
"17/09/2024","10.500","10.450","10.500","10.350","89,75M","0,72%"
"13/09/2024","10.425","10.400","10.425","10.325","70,06M","-0,48%"
"12/09/2024","10.475","10.450","10.500","10.375","70,76M","0,48%"
"11/09/2024","10.425","10.425","10.425","10.350","64,62M","0,72%"
"10/09/2024","10.350","10.350","10.350","10.275","55,09M","0,73%"
"09/09/2024","10.275","10.300","10.350","10.200","36,19M","-0,24%"
"06/09/2024","10.300","10.225","10.300","10.225","31,54M","0,49%"
"05/09/2024","10.250","10.350","10.350","10.250","39,33M","-0,49%"
"04/09/2024","10.300","10.150","10.300","10.125","44,82M","1,23%"
"03/09/2024","10.175","10.325","10.325","10.150","50,95M","-0,97%"
"02/09/2024","10.275","10.375","10.375","10.200","72,01M","-0,48%"
"30/08/2024","10.325","10.325","10.325","10.200","158,40M","0,98%"
"29/08/2024","10.225","10.500","10.500","10.225","53,00M","-1,21%"
"28/08/2024","10.350","10.300","10.350","10.250","38,49M","1,47%"
"27/08/2024","10.200","10.275","10.300","10.175","60,45M","-1,21%"
"26/08/2024","10.325","10.275","10.375","10.250","35,15M","0,00%"
"23/08/2024","10.325","10.325","10.375","10.300","46,65M","0,00%"
"22/08/2024","10.325","10.350","10.400","10.225","56,61M","-0,96%"
"21/08/2024","10.425","10.500","10.500","10.425","84,85M","0,00%"
"20/08/2024","10.425","10.325","10.450","10.300","60,30M","0,48%"
"19/08/2024","10.375","10.325","10.425","10.275","51,05M","0,48%"
"16/08/2024","10.325","10.300","10.325","10.250","40,73M","0,98%"
"15/08/2024","10.225","10.200","10.300","10.175","33,40M","0,25%"
"14/08/2024","10.200","10.300","10.300","10.200","48,00M","-0,97%"
"13/08/2024","10.300","10.250","10.300","10.175","55,21M","0,98%"
"12/08/2024","10.200","10.100","10.200","10.075","40,36M","0,49%"
"09/08/2024","10.150","10.225","10.250","10.100","47,06M","-0,73%"
"08/08/2024","10.225","10.150","10.225","10.075","54,16M","1,24%"
"07/08/2024","10.100","10.000","10.100","10.000","52,35M","1,00%"
"06/08/2024","10.000","10.075","10.075","9.950","78,47M","1,27%"
"05/08/2024","9.875","10.000","10.150","9.875","126,33M","-3,19%"
"02/08/2024","10.200","10.275","10.350","10.200","55,77M","-1,69%"
"01/08/2024","10.375","10.200","10.375","10.200","61,18M","0,97%"
"31/07/2024","10.275","10.350","10.350","10.225","82,52M","0,98%"
"30/07/2024","10.175","10.300","10.300","10.175","32,20M","-0,73%"
"29/07/2024","10.250","10.400","10.425","10.175","69,09M","-0,73%"
"26/07/2024","10.325","10.375","10.400","10.300","75,57M","0,24%"
"25/07/2024","10.300","10.225","10.300","10.200","98,09M","2,23%"
"24/07/2024","10.075","10.125","10.175","10.075","24,66M","-0,98%"
"23/07/2024","10.175","10.200","10.200","10.125","39,32M","0,74%"
"22/07/2024","10.100","10.125","10.150","10.100","31,29M","-0,25%"
"19/07/2024","10.125","10.050","10.125","9.975","53,88M","0,25%"
"18/07/2024","10.100","9.800","10.100","9.800","65,38M","3,06%"
"17/07/2024","9.800","9.900","9.950","9.800","90,67M","-1,51%"
"16/07/2024","9.950","9.975","10.025","9.950","37,19M","-1,00%"
"15/07/2024","10.050","10.050","10.075","9.950","36,68M","-0,25%"
"12/07/2024","10.075","10.050","10.100","10.025","79,03M","0,00%"
"11/07/2024","10.075","10.000","10.125","10.000","55,91M","-0,25%"
"10/07/2024","10.100","10.175","10.225","10.050","62,33M","0,25%"
"09/07/2024","10.075","10.100","10.150","10.075","61,85M","0,25%"
"08/07/2024","10.050","10.000","10.050","9.950","72,90M","1,01%"
"05/07/2024","9.950","9.925","9.975","9.875","36,95M","1,27%"
"04/07/2024","9.825","9.975","10.000","9.825","67,05M","-1,75%"
"03/07/2024","10.000","9.975","10.000","9.925","55,86M","1,01%"
"02/07/2024","9.900","10.000","10.000","9.850","78,85M","0,25%"
"01/07/2024","9.875","9.850","9.900","9.825","68,63M","-0,50%"
"28/06/2024","9.925","9.800","9.975","9.775","166,17M","1,79%"
"27/06/2024","9.750","9.575","9.750","9.550","89,15M","2,63%"
"26/06/2024","9.500","9.525","9.650","9.450","77,91M","-1,04%"
"25/06/2024","9.600","9.600","9.600","9.450","80,03M","0,00%"
"24/06/2024","9.600","9.600","9.750","9.575","79,59M","0,00%"
"21/06/2024","9.600","9.475","9.675","9.400","167,76M","1,86%"
"20/06/2024","9.425","9.150","9.425","9.100","81,47M","4,14%"
"19/06/2024","9.050","9.250","9.250","9.050","100,05M","-1,63%"
"14/06/2024","9.200","9.200","9.250","9.100","52,99M","0,00%"
"13/06/2024","9.200","9.475","9.475","9.200","84,65M","-0,54%"
"12/06/2024","9.250","9.300","9.325","9.250","49,79M","-0,54%"
"11/06/2024","9.300","9.550","9.550","9.300","68,69M","-2,36%"
"10/06/2024","9.525","9.500","9.525","9.450","45,58M","2,14%"
"07/06/2024","9.325","9.500","9.500","9.325","51,60M","-1,58%"
"06/06/2024","9.475","9.525","9.525","9.450","44,99M","0,26%"
"05/06/2024","9.450","9.500","9.500","9.300","85,71M","1,07%"
"04/06/2024","9.350","9.525","9.525","9.350","75,35M","0,81%"
"03/06/2024","9.275","9.350","9.350","9.225","72,20M","0,27%"
"31/05/2024","9.250","9.100","9.250","9.025","756,43M","2,78%"
"30/05/2024","9.000","9.000","9.250","8.775","207,12M","-1,64%"
"29/05/2024","9.150","9.275","9.325","9.150","117,35M","-1,61%"
"28/05/2024","9.300","9.300","9.400","9.300","73,95M","0,00%"
"27/05/2024","9.300","9.300","9.375","9.275","128,58M","-1,33%"
"22/05/2024","9.425","9.475","9.575","9.325","121,71M","0,53%"
"21/05/2024","9.375","9.450","9.575","9.375","75,71M","-1,06%"
"20/05/2024","9.475","9.700","9.800","9.475","87,89M","-2,82%"
"17/05/2024","9.750","9.600","9.850","9.575","99,85M","1,56%"
"16/05/2024","9.600","9.575","9.675","9.525","61,13M","1,05%"
"15/05/2024","9.500","9.500","9.600","9.425","54,74M","-0,52%"
"14/05/2024","9.550","9.625","9.675","9.525","95,36M","0,26%"
"13/05/2024","9.525","9.200","9.525","9.200","145,47M","1,60%"
"08/05/2024","9.375","9.600","9.700","9.375","112,81M","-3,35%"
"07/05/2024","9.700","9.700","9.750","9.625","66,75M","-1,02%"
"06/05/2024","9.800","9.850","9.875","9.775","53,08M","-0,51%"
"03/05/2024","9.850","9.750","9.850","9.675","84,03M","3,14%"
"02/05/2024","9.550","9.900","9.900","9.500","97,08M","-2,55%"
"30/04/2024","9.800","10.050","10.050","9.800","109,62M","0,00%"
"29/04/2024","9.800","9.525","9.850","9.525","90,06M","1,82%"
"26/04/2024","9.625","9.700","9.825","9.625","100,93M","-1,53%"
"25/04/2024","9.775","10.000","10.000","9.700","104,87M","-1,76%"
"24/04/2024","9.950","9.825","9.950","9.750","132,83M","2,31%"
"23/04/2024","9.725","9.400","9.775","9.375","181,70M","4,01%"
"22/04/2024","9.350","9.400","9.425","9.350","128,91M","-1,32%"
"19/04/2024","9.475","9.350","9.500","9.300","147,78M","0,00%"
"18/04/2024","9.475","9.525","9.575","9.450","127,13M","-0,52%"
"17/04/2024","9.525","9.550","9.675","9.525","95,62M","0,53%"
"16/04/2024","9.475","9.350","9.575","9.250","283,27M","-3,56%"
"05/04/2024","9.825","9.950","9.950","9.825","70,43M","-0,25%"
"04/04/2024","9.850","9.575","9.850","9.575","77,27M","3,41%"
"03/04/2024","9.525","9.750","9.800","9.525","177,42M","-3,79%"
"02/04/2024","9.900","9.925","9.950","9.800","76,76M","0,51%"
"01/04/2024","9.850","10.075","10.100","9.825","79,25M","-2,23%"
"28/03/2024","10.075","10.025","10.100","9.975","79,23M","0,00%"
"27/03/2024","10.075","10.025","10.075","10.000","39,51M","0,25%"
"26/03/2024","10.050","9.950","10.050","9.950","65,74M","-0,25%"
"25/03/2024","10.075","9.925","10.075","9.925","66,97M","-0,25%"
"22/03/2024","10.100","10.000","10.125","9.950","120,53M","-0,25%"
"21/03/2024","10.125","10.175","10.225","10.050","90,28M","0,00%"
"20/03/2024","10.125","10.100","10.150","10.075","66,27M","-0,49%"
"19/03/2024","10.175","10.150","10.250","10.150","55,00M","0,25%"
"18/03/2024","10.150","10.175","10.275","10.150","62,44M","0,00%"
"15/03/2024","10.150","10.200","10.300","10.050","154,18M","-1,69%"
"14/03/2024","10.325","10.050","10.325","10.025","110,68M","3,25%"
"13/03/2024","10.000","10.400","10.400","10.000","141,62M","-1,48%"
"08/03/2024","10.150","10.250","10.300","10.125","100,95M","0,25%"
"07/03/2024","10.125","10.050","10.175","10.000","118,37M","1,76%"
"06/03/2024","9.950","9.900","10.000","9.775","70,24M","1,53%"
"05/03/2024","9.800","9.900","9.900","9.775","61,95M","0,51%"
"04/03/2024","9.750","9.800","9.825","9.750","43,82M","-0,76%"
"01/03/2024","9.825","9.900","9.925","9.800","51,52M","-0,51%"
"29/02/2024","9.875","10.000","10.000","9.850","127,02M","-1,25%"
"28/02/2024","10.000","9.975","10.000","9.900","66,95M","1,27%"
"27/02/2024","9.875","9.750","9.900","9.750","43,74M","0,77%"
"26/02/2024","9.800","9.750","9.875","9.725","53,82M","-0,25%"
"23/02/2024","9.825","9.900","9.925","9.800","55,19M","-0,51%"
"22/02/2024","9.875","9.975","9.975","9.875","66,91M","-1,00%"
"21/02/2024","9.975","9.950","10.000","9.850","75,55M","-0,50%"
"20/02/2024","10.025","9.850","10.025","9.850","64,00M","1,52%"
"19/02/2024","9.875","9.900","9.975","9.825","53,34M","-0,75%"
"16/02/2024","9.950","9.975","10.000","9.875","142,28M","1,02%"
"15/02/2024","9.850","9.950","9.975","9.850","164,75M","1,29%"
"13/02/2024","9.725","9.750","9.800","9.700","66,07M","-0,77%"
"12/02/2024","9.800","9.750","9.800","9.700","99,80M","1,03%"
"07/02/2024","9.700","9.700","9.725","9.650","93,32M","0,78%"
"06/02/2024","9.625","9.750","9.750","9.625","87,65M","0,52%"
"05/02/2024","9.575","9.675","9.675","9.525","57,98M","-1,29%"
"02/02/2024","9.700","9.775","9.800","9.625","99,32M","0,00%"
"01/02/2024","9.700","9.650","9.725","9.575","109,29M","1,57%"
"31/01/2024","9.550","9.700","9.700","9.550","102,58M","-1,04%"
"30/01/2024","9.650","9.500","9.650","9.475","73,14M","1,05%"
"29/01/2024","9.550","9.400","9.550","9.375","73,45M","2,14%"
"26/01/2024","9.350","9.400","9.450","9.300","78,98M","-1,58%"
"25/01/2024","9.500","9.450","9.575","9.450","63,21M","-0,26%"
"24/01/2024","9.525","9.600","9.600","9.475","84,91M","-0,78%"
"23/01/2024","9.600","9.450","9.600","9.450","92,35M","-0,26%"
"22/01/2024","9.625","9.600","9.650","9.525","52,87M","0,00%"
"19/01/2024","9.625","9.775","9.775","9.600","63,18M","-0,52%"
"18/01/2024","9.675","9.675","9.750","9.625","71,05M","-0,77%"
"17/01/2024","9.750","9.750","9.750","9.650","107,71M","0,52%"
"16/01/2024","9.700","9.700","9.750","9.675","44,87M","-0,26%"
"15/01/2024","9.725","9.750","9.750","9.650","88,58M","0,26%"
"12/01/2024","9.700","9.650","9.700","9.600","68,25M","1,31%"
"11/01/2024","9.575","9.625","9.650","9.575","51,58M","0,26%"
"10/01/2024","9.550","9.650","9.650","9.550","52,77M","-0,78%"
"09/01/2024","9.625","9.600","9.625","9.575","59,85M","0,52%"
"08/01/2024","9.575","9.600","9.625","9.475","50,90M","0,00%"
"05/01/2024","9.575","9.500","9.600","9.475","85,29M","1,06%"
"04/01/2024","9.475","9.400","9.475","9.375","77,29M","1,34%"
"03/01/2024","9.350","9.425","9.425","9.325","34,60M","-0,80%"
"02/01/2024","9.425","9.400","9.425","9.350","30,55M","0,27%"
"29/12/2023","9.400","9.425","9.450","9.350","79,90M","0,00%"
"28/12/2023","9.400","9.325","9.425","9.325","70,18M","0,27%"
"27/12/2023","9.375","9.375","9.400","9.325","72,26M","0,54%"
"22/12/2023","9.325","9.275","9.350","9.275","64,45M","0,00%"
"21/12/2023","9.325","9.300","9.325","9.250","88,12M","0,27%"
"20/12/2023","9.300","9.250","9.300","9.225","72,94M","0,54%"
"19/12/2023","9.250","9.125","9.250","9.125","87,54M","0,54%"
"18/12/2023","9.200","9.200","9.225","9.150","111,71M","-0,27%"
"15/12/2023","9.225","9.125","9.225","9.075","275,01M","1,93%"
"14/12/2023","9.050","8.775","9.050","8.750","139,38M","4,32%"
"13/12/2023","8.675","8.700","8.750","8.675","51,56M","-0,29%"
"12/12/2023","8.700","8.700","8.750","8.700","87,59M","-0,57%"
"11/12/2023","8.750","8.675","8.775","8.675","78,64M","0,00%"
"08/12/2023","8.750","8.800","8.850","8.750","43,89M","-0,85%"
"07/12/2023","8.825","8.750","8.825","8.725","91,32M","0,28%"
"06/12/2023","8.800","8.850","8.950","8.800","81,85M","-1,12%"
"05/12/2023","8.900","8.950","8.950","8.825","94,36M","-0,28%"
"04/12/2023","8.925","8.950","9.025","8.925","54,75M","-0,28%"
"01/12/2023","8.950","8.925","8.975","8.900","80,57M","-0,28%"
"30/11/2023","8.975","8.925","8.975","8.900","205,31M","0,84%"
"29/11/2023","8.900","8.900","8.950","8.900","54,72M","0,28%"
"28/11/2023","8.875","8.875","8.950","8.850","69,07M","0,00%"
"27/11/2023","8.875","8.900","8.950","8.875","35,68M","-0,56%"
"24/11/2023","8.925","8.925","8.975","8.900","51,62M","0,00%"
"23/11/2023","8.925","8.850","8.975","8.850","55,54M","0,56%"
"22/11/2023","8.875","8.775","8.875","8.775","40,36M","1,14%"
"21/11/2023","8.775","8.825","8.900","8.775","107,61M","-1,13%"
"20/11/2023","8.875","8.975","9.025","8.875","73,54M","-2,20%"
"17/11/2023","9.075","9.025","9.075","8.975","57,05M","0,00%"
"16/11/2023","9.075","9.050","9.075","8.950","80,28M","0,28%"
"15/11/2023","9.050","8.975","9.050","8.950","84,98M","1,40%"
"14/11/2023","8.925","8.900","8.950","8.875","37,20M","0,56%"
"13/11/2023","8.875","8.875","8.925","8.850","32,72M","0,57%"
"10/11/2023","8.825","8.950","9.000","8.825","50,75M","-1,94%"
"09/11/2023","9.000","8.900","9.050","8.900","46,08M","0,00%"
"08/11/2023","9.000","8.950","9.000","8.900","31,83M","0,28%"
"07/11/2023","8.975","9.000","9.025","8.900","60,65M","-0,83%"
"06/11/2023","9.050","8.975","9.050","8.950","84,99M","1,69%"
"03/11/2023","8.900","8.925","8.950","8.850","60,41M","0,56%"
"02/11/2023","8.850","8.725","8.900","8.725","56,05M","2,91%"
"01/11/2023","8.600","8.750","8.775","8.600","67,03M","-1,71%"
"31/10/2023","8.750","8.800","8.825","8.725","64,91M","-1,13%"
"30/10/2023","8.850","8.700","8.850","8.700","51,96M","1,72%"
"27/10/2023","8.700","8.725","8.800","8.700","52,45M","-0,29%"
"26/10/2023","8.725","8.925","8.950","8.725","63,20M","-1,69%"
"25/10/2023","8.875","8.825","8.925","8.825","54,75M","1,14%"
"24/10/2023","8.775","8.775","8.875","8.775","76,96M","-0,85%"
"23/10/2023","8.850","8.875","8.925","8.850","50,63M","-1,39%"
"20/10/2023","8.975","8.725","9.025","8.725","80,33M","2,57%"
"19/10/2023","8.750","8.825","8.850","8.750","89,51M","-1,13%"
"18/10/2023","8.850","8.925","8.950","8.850","70,86M","-1,12%"
"17/10/2023","8.950","9.050","9.075","8.950","59,61M","-1,65%"
"16/10/2023","9.100","9.125","9.125","9.050","37,60M","0,28%"
"13/10/2023","9.075","9.100","9.125","9.025","62,94M","0,28%"
"12/10/2023","9.050","9.000","9.100","9.000","71,06M","1,40%"
"11/10/2023","8.925","8.925","9.025","8.925","84,31M","0,00%"
"10/10/2023","8.925","9.000","9.000","8.925","107,49M","-1,38%"
"09/10/2023","9.050","9.025","9.125","9.025","43,77M","0,28%"
"06/10/2023","9.025","9.100","9.100","9.025","53,34M","-0,55%"
"05/10/2023","9.075","9.200","9.200","9.075","72,86M","-1,36%"
"04/10/2023","9.200","9.200","9.250","9.125","112,58M","0,00%"
"03/10/2023","9.200","9.075","9.200","9.025","99,11M","1,38%"
"02/10/2023","9.075","8.900","9.100","8.875","93,66M","2,83%"
"29/09/2023","8.825","8.825","8.900","8.825","119,44M","-0,56%"
"27/09/2023","8.875","8.900","9.000","8.875","84,35M","-0,84%"
"26/09/2023","8.950","9.000","9.025","8.950","73,54M","-0,56%"
"25/09/2023","9.000","9.075","9.075","9.000","56,23M","-0,83%"
"22/09/2023","9.075","9.125","9.150","9.075","42,45M","-0,55%"
"21/09/2023","9.125","9.125","9.150","9.075","40,61M","-0,27%"
"20/09/2023","9.150","9.125","9.175","9.075","54,31M","0,83%"
"19/09/2023","9.075","9.000","9.075","8.975","37,02M","0,83%"
"18/09/2023","9.000","9.050","9.075","9.000","34,27M","0,00%"
"15/09/2023","9.000","9.050","9.100","9.000","121,01M","-1,10%"
"14/09/2023","9.100","9.000","9.125","9.000","112,76M","0,28%"
"13/09/2023","9.075","9.050","9.075","9.000","69,49M","-0,27%"
"12/09/2023","9.100","9.100","9.125","9.075","66,48M","-0,27%"
"11/09/2023","9.125","9.075","9.125","9.075","53,16M","0,00%"
"08/09/2023","9.125","9.100","9.150","9.050","80,73M","-0,54%"
"07/09/2023","9.175","9.125","9.175","9.100","61,41M","0,27%"
"06/09/2023","9.150","9.200","9.250","9.150","49,32M","-0,81%"
"05/09/2023","9.225","9.250","9.250","9.200","42,01M","0,00%"
"04/09/2023","9.225","9.225","9.275","9.175","40,61M","0,00%"
"01/09/2023","9.225","9.200","9.275","9.175","42,15M","0,54%"
"31/08/2023","9.175","9.200","9.225","9.100","136,11M","-0,27%"
"30/08/2023","9.200","9.300","9.300","9.200","56,23M","-0,54%"
"29/08/2023","9.250","9.275","9.300","9.200","45,43M","0,54%"
"28/08/2023","9.200","9.250","9.250","9.200","44,42M","-0,81%"
"25/08/2023","9.275","9.200","9.275","9.175","50,38M","0,82%"
"24/08/2023","9.200","9.250","9.325","9.200","53,73M","-1,08%"
"23/08/2023","9.300","9.300","9.325","9.275","63,75M","0,00%"
"22/08/2023","9.300","9.150","9.325","9.150","65,66M","1,36%"
"21/08/2023","9.175","9.225","9.250","9.175","73,57M","-0,81%"
"18/08/2023","9.250","9.250","9.350","9.250","79,33M","-0,54%"
"16/08/2023","9.300","9.275","9.325","9.250","76,44M","0,00%"
"15/08/2023","9.300","9.325","9.375","9.300","59,30M","-0,53%"
"14/08/2023","9.350","9.325","9.350","9.225","75,50M","-0,53%"
"11/08/2023","9.400","9.425","9.450","9.375","68,90M","0,00%"
"10/08/2023","9.400","9.400","9.425","9.350","78,07M","0,00%"
"09/08/2023","9.400","9.275","9.400","9.250","77,06M","2,17%"
"08/08/2023","9.200","9.275","9.300","9.200","61,29M","-0,81%"
"07/08/2023","9.275","9.150","9.275","9.150","55,59M","1,37%"
"04/08/2023","9.150","9.250","9.275","9.125","52,68M","-1,08%"
"03/08/2023","9.250","9.150","9.300","9.150","64,60M","0,54%"
"02/08/2023","9.200","9.125","9.200","9.125","60,63M","0,82%"
"01/08/2023","9.125","9.175","9.175","9.100","49,76M","0,00%"
"31/07/2023","9.125","9.175","9.200","9.100","80,87M","0,00%"
"28/07/2023","9.125","9.200","9.225","9.125","74,51M","-1,08%"
"27/07/2023","9.225","9.400","9.400","9.225","77,85M","-1,34%"
"26/07/2023","9.350","9.175","9.350","9.125","113,87M","2,19%"
"25/07/2023","9.150","9.175","9.300","9.150","122,80M","0,55%"
"24/07/2023","9.100","9.200","9.200","9.100","62,06M","-0,55%"
"21/07/2023","9.150","9.150","9.175","9.125","42,67M","0,00%"
"20/07/2023","9.150","9.200","9.225","9.125","83,48M","0,00%"
"18/07/2023","9.150","9.200","9.250","9.100","66,97M","-0,27%"
"17/07/2023","9.175","9.200","9.250","9.175","62,55M","-0,27%"
"14/07/2023","9.200","9.175","9.200","9.125","55,55M","0,82%"
"13/07/2023","9.125","9.200","9.225","9.125","65,23M","-0,54%"
"12/07/2023","9.175","9.075","9.175","9.050","61,57M","1,66%"
"11/07/2023","9.025","9.100","9.100","9.025","43,70M","-0,28%"
"10/07/2023","9.050","9.100","9.100","9.050","28,98M","0,28%"
"07/07/2023","9.025","9.025","9.100","9.025","37,64M","-0,55%"
"06/07/2023","9.075","9.050","9.100","9.025","52,53M","0,28%"
"05/07/2023","9.050","9.050","9.075","9.025","44,61M","0,00%"
"04/07/2023","9.050","9.150","9.150","9.050","35,05M","-0,28%"
"03/07/2023","9.075","9.025","9.075","9.025","108,88M","-0,82%"
"27/06/2023","9.150","9.050","9.150","9.050","36,23M","0,83%"
"26/06/2023","9.075","9.025","9.125","9.025","36,39M","0,28%"
"23/06/2023","9.050","9.025","9.150","9.025","47,81M","0,00%"
"22/06/2023","9.050","9.125","9.150","9.050","48,29M","-0,82%"
"21/06/2023","9.125","9.050","9.125","9.000","43,38M","0,83%"
"20/06/2023","9.050","9.025","9.050","8.950","54,99M","0,56%"
"19/06/2023","9.000","9.000","9.050","9.000","32,33M","-0,55%"
"16/06/2023","9.050","9.100","9.100","8.975","112,77M","0,00%"
"15/06/2023","9.050","9.100","9.100","9.050","59,07M","-0,28%"
"14/06/2023","9.075","9.100","9.125","9.050","72,22M","-0,82%"
"13/06/2023","9.150","9.175","9.175","9.100","45,55M","0,00%"
"12/06/2023","9.150","9.150","9.150","9.100","38,08M","0,55%"
"09/06/2023","9.100","9.175","9.175","9.100","44,65M","-0,27%"
"08/06/2023","9.125","9.075","9.125","9.075","53,19M","0,27%"
"07/06/2023","9.100","9.125","9.175","9.075","66,81M","-0,55%"
"06/06/2023","9.150","9.050","9.200","9.050","74,87M","-0,54%"
"05/06/2023","9.200","9.150","9.325","9.100","163,54M","1,66%"
"31/05/2023","9.050","9.300","9.325","9.050","421,02M","-2,16%"
"30/05/2023","9.250","9.200","9.325","9.150","111,13M","1,09%"
"29/05/2023","9.150","9.250","9.250","9.075","79,15M","0,00%"
"26/05/2023","9.150","9.175","9.200","9.100","55,68M","1,10%"
"25/05/2023","9.050","9.100","9.150","9.050","62,06M","0,28%"
"24/05/2023","9.025","9.200","9.200","9.025","64,85M","-1,10%"
"23/05/2023","9.125","9.050","9.150","9.025","87,74M","1,39%"
"22/05/2023","9.000","9.000","9.075","8.925","91,00M","0,00%"
"19/05/2023","9.000","8.900","9.000","8.825","105,99M","2,56%"
"17/05/2023","8.775","8.775","8.850","8.750","70,01M","0,86%"
"16/05/2023","8.700","8.800","8.825","8.700","57,84M","-0,85%"
"15/05/2023","8.775","8.875","8.875","8.725","50,79M","-0,28%"
"12/05/2023","8.800","8.750","8.875","8.725","79,77M","-0,28%"
"11/05/2023","8.825","8.900","8.900","8.800","82,00M","-1,12%"
"10/05/2023","8.925","8.925","8.950","8.900","45,50M","0,00%"
"09/05/2023","8.925","8.950","8.975","8.900","42,05M","-0,83%"
"08/05/2023","9.000","9.000","9.075","8.950","84,75M","0,00%"
"05/05/2023","9.000","9.000","9.050","8.950","55,56M","0,00%"
"04/05/2023","9.000","8.925","9.025","8.875","59,66M","0,84%"
"03/05/2023","8.925","9.050","9.050","8.875","69,75M","-1,38%"
"02/05/2023","9.050","9.100","9.100","8.900","105,73M","0,00%"
"28/04/2023","9.050","9.100","9.125","9.050","145,78M","-1,09%"
"27/04/2023","9.150","9.100","9.175","9.075","66,13M","-0,54%"
"26/04/2023","9.200","9.125","9.200","9.000","186,93M","0,82%"
"18/04/2023","9.125","9.050","9.175","9.025","91,24M","1,11%"
"17/04/2023","9.025","9.025","9.050","8.900","83,95M","0,28%"
"14/04/2023","9.000","9.000","9.000","8.950","90,71M","0,84%"
"13/04/2023","8.925","8.950","8.950","8.875","68,71M","0,28%"
"12/04/2023","8.900","8.900","8.900","8.825","76,27M","0,85%"
"11/04/2023","8.825","8.825","8.825","8.750","44,55M","0,28%"
"10/04/2023","8.800","8.725","8.800","8.700","24,92M","0,57%"
"06/04/2023","8.750","8.700","8.775","8.700","45,50M","0,29%"
"05/04/2023","8.725","8.775","8.800","8.725","37,59M","-0,57%"
"04/04/2023","8.775","8.825","8.825","8.650","49,12M","-0,28%"
"03/04/2023","8.800","8.825","8.825","8.750","52,54M","0,57%"
"31/03/2023","8.750","8.825","8.850","8.725","97,16M","-0,85%"
"30/03/2023","8.825","8.900","8.900","8.800","118,98M","0,28%"
"29/03/2023","8.800","8.675","8.800","8.625","79,93M","1,44%"
"28/03/2023","8.675","8.800","8.800","8.675","86,87M","-0,29%"
"27/03/2023","8.700","8.825","8.825","8.700","113,51M","-1,42%"
"24/03/2023","8.825","8.700","8.825","8.625","173,08M","3,82%"
"21/03/2023","8.500","8.400","8.500","8.375","73,12M","1,19%"
"20/03/2023","8.400","8.400","8.475","8.375","37,33M","0,30%"
"17/03/2023","8.375","8.375","8.450","8.325","141,35M","0,90%"
"16/03/2023","8.300","8.300","8.350","8.250","95,93M","-0,30%"
"15/03/2023","8.325","8.450","8.475","8.325","69,99M","0,00%"
"14/03/2023","8.325","8.425","8.475","8.325","91,63M","-2,63%"
"13/03/2023","8.550","8.450","8.625","8.450","82,08M","1,18%"
"10/03/2023","8.450","8.500","8.550","8.450","59,64M","-1,46%"
"09/03/2023","8.575","8.650","8.650","8.550","54,20M","0,00%"
"08/03/2023","8.575","8.400","8.575","8.400","62,40M","1,78%"
"07/03/2023","8.425","8.350","8.475","8.350","94,24M","0,30%"
"06/03/2023","8.400","8.550","8.550","8.400","93,72M","-0,88%"
"03/03/2023","8.475","8.650","8.675","8.475","95,38M","-1,74%"
"02/03/2023","8.625","8.600","8.700","8.600","56,69M","0,29%"
"01/03/2023","8.600","8.725","8.750","8.600","67,03M","-1,71%"
"28/02/2023","8.750","8.775","8.775","8.675","106,35M","-0,28%"
"27/02/2023","8.775","8.675","8.775","8.650","48,20M","1,15%"
"24/02/2023","8.675","8.775","8.850","8.675","60,25M","-0,57%"
"23/02/2023","8.725","8.625","8.750","8.625","53,42M","0,58%"
"22/02/2023","8.675","8.700","8.750","8.625","51,05M","-0,29%"
"21/02/2023","8.700","8.775","8.800","8.700","25,39M","-0,57%"
"20/02/2023","8.750","8.725","8.825","8.700","40,08M","0,29%"
"17/02/2023","8.725","8.775","8.850","8.725","34,69M","0,29%"
"16/02/2023","8.700","8.825","8.850","8.700","66,07M","-1,97%"
"15/02/2023","8.875","8.875","8.900","8.750","49,53M","-0,84%"
"14/02/2023","8.950","8.850","8.950","8.825","58,46M","0,85%"
"13/02/2023","8.875","8.875","8.900","8.775","51,18M","0,57%"
"10/02/2023","8.825","8.875","8.900","8.700","62,06M","-0,84%"
"09/02/2023","8.900","8.825","8.900","8.800","58,54M","0,85%"
"08/02/2023","8.825","8.825","8.850","8.800","54,50M","-0,28%"
"07/02/2023","8.850","8.775","8.850","8.750","116,01M","1,43%"
"06/02/2023","8.725","8.750","8.750","8.650","118,11M","0,29%"
"03/02/2023","8.700","8.550","8.700","8.500","71,72M","2,96%"
"02/02/2023","8.450","8.425","8.525","8.400","81,19M","-0,59%"
"01/02/2023","8.500","8.575","8.575","8.450","77,41M","0,29%"
"31/01/2023","8.475","8.625","8.675","8.475","147,16M","-2,59%"
"30/01/2023","8.700","8.725","8.775","8.575","95,67M","0,00%"
"27/01/2023","8.700","8.700","8.850","8.550","183,31M","2,65%"
"26/01/2023","8.475","8.225","8.475","8.225","78,79M","3,35%"
"25/01/2023","8.200","8.300","8.300","8.200","56,21M","-0,30%"
"24/01/2023","8.225","8.300","8.350","8.225","38,53M","-0,90%"
"20/01/2023","8.300","8.275","8.325","8.250","82,11M","-0,30%"
"19/01/2023","8.325","8.350","8.350","8.250","55,01M","0,30%"
"18/01/2023","8.300","8.200","8.325","8.175","96,87M","-0,30%"
"17/01/2023","8.325","8.175","8.375","8.150","88,70M","2,15%"
"16/01/2023","8.150","8.050","8.200","8.050","94,59M","1,24%"
"13/01/2023","8.050","8.150","8.175","8.025","119,79M","-1,53%"
"12/01/2023","8.175","8.150","8.275","8.125","91,11M","0,62%"
"11/01/2023","8.125","8.050","8.150","8.000","119,32M","-0,61%"
"10/01/2023","8.175","8.400","8.425","8.150","89,32M","-3,25%"
"09/01/2023","8.450","8.325","8.450","8.325","86,93M","1,81%"
"06/01/2023","8.300","8.100","8.325","8.100","69,29M","0,61%"
"05/01/2023","8.250","8.350","8.375","8.150","128,84M","-1,20%"
"04/01/2023","8.350","8.525","8.575","8.350","90,99M","-2,34%"
"03/01/2023","8.550","8.550","8.600","8.525","27,43M","0,00%"
"02/01/2023","8.550","8.575","8.600","8.500","11,41M","0,00%"
"30/12/2022","8.550","8.575","8.650","8.550","44,68M","-0,29%"
"29/12/2022","8.575","8.525","8.600","8.500","47,02M","-0,87%"
"28/12/2022","8.650","8.650","8.650","8.550","48,37M","0,58%"
"27/12/2022","8.600","8.600","8.650","8.575","28,69M","0,29%"
"26/12/2022","8.575","8.500","8.625","8.500","20,52M","0,88%"
"23/12/2022","8.500","8.525","8.575","8.500","47,39M","-0,87%"
"22/12/2022","8.575","8.650","8.675","8.575","52,11M","-1,15%"
"21/12/2022","8.675","8.600","8.700","8.575","33,62M","1,17%"
"20/12/2022","8.575","8.550","8.650","8.550","41,30M","-0,87%"
"19/12/2022","8.650","8.650","8.700","8.600","54,73M","0,58%"
"16/12/2022","8.600","8.425","8.650","8.400","124,94M","1,18%"
"15/12/2022","8.500","8.575","8.600","8.500","80,59M","-1,45%"
"14/12/2022","8.625","8.600","8.700","8.525","118,24M","-0,86%"
"13/12/2022","8.700","8.625","8.700","8.550","83,50M","0,00%"
"12/12/2022","8.700","8.525","8.700","8.475","84,28M","1,46%"
"09/12/2022","8.575","8.500","8.600","8.450","75,50M","0,88%"
"08/12/2022","8.500","8.375","8.575","8.350","149,61M","0,59%"
"07/12/2022","8.450","8.500","8.575","8.450","195,09M","-2,59%"
"06/12/2022","8.675","8.725","8.750","8.575","180,91M","-1,14%"
"05/12/2022","8.775","8.800","8.900","8.775","138,65M","-1,40%"
"02/12/2022","8.900","8.900","8.975","8.900","137,81M","-1,11%"
"01/12/2022","9.000","9.275","9.350","9.000","132,77M","-3,23%"
"30/11/2022","9.300","8.875","9.400","8.850","387,66M","3,62%"
"29/11/2022","8.975","8.975","9.075","8.925","81,74M","-0,55%"
"28/11/2022","9.025","9.050","9.100","8.975","77,65M","0,56%"
"25/11/2022","8.975","9.000","9.000","8.900","60,47M","-0,28%"
"24/11/2022","9.000","8.975","9.000","8.950","61,19M","1,41%"
"23/11/2022","8.875","8.900","8.975","8.875","85,52M","-0,28%"
"22/11/2022","8.900","8.900","8.950","8.850","84,68M","2,01%"
"21/11/2022","8.725","8.875","8.900","8.725","48,65M","-1,13%"
"18/11/2022","8.825","8.725","8.900","8.725","83,90M","1,15%"
"17/11/2022","8.725","8.625","8.825","8.600","72,70M","1,45%"
"16/11/2022","8.600","8.625","8.675","8.550","143,59M","-2,27%"
"15/11/2022","8.800","8.775","8.850","8.750","47,67M","0,57%"
"14/11/2022","8.750","8.875","8.900","8.750","61,43M","-1,13%"
"11/11/2022","8.850","8.900","8.925","8.825","59,60M","0,57%"
"10/11/2022","8.800","8.725","8.800","8.725","74,78M","-0,85%"
"09/11/2022","8.875","8.675","8.875","8.675","68,17M","1,43%"
"08/11/2022","8.750","8.850","8.875","8.725","42,53M","-1,13%"
"07/11/2022","8.850","8.725","8.850","8.675","73,90M","0,85%"
"04/11/2022","8.775","8.775","8.800","8.675","69,15M","-0,28%"
"03/11/2022","8.800","8.700","8.825","8.700","72,14M","0,57%"
"02/11/2022","8.750","8.800","8.825","8.725","58,32M","-0,57%"
"01/11/2022","8.800","9.000","9.000","8.725","107,39M","0,00%"
"31/10/2022","8.800","8.850","8.850","8.775","105,57M","0,57%"
"28/10/2022","8.750","8.650","8.750","8.650","67,04M","0,57%"
"27/10/2022","8.700","8.550","8.700","8.550","77,02M","1,75%"
"26/10/2022","8.550","8.625","8.650","8.550","87,21M","-1,72%"
"25/10/2022","8.700","8.825","8.875","8.700","89,44M","-2,25%"
"24/10/2022","8.900","8.750","8.900","8.725","89,42M","2,89%"
"21/10/2022","8.650","8.450","8.725","8.450","122,78M","1,76%"
"20/10/2022","8.500","8.250","8.500","8.250","91,81M","2,72%"
"19/10/2022","8.275","8.250","8.350","8.225","66,75M","-0,30%"
"18/10/2022","8.300","8.275","8.475","8.250","85,67M","0,61%"
"17/10/2022","8.250","8.250","8.300","8.175","56,39M","0,00%"
"14/10/2022","8.250","8.300","8.350","8.250","71,18M","-0,30%"
"13/10/2022","8.275","8.275","8.375","8.275","62,28M","-0,60%"
"12/10/2022","8.325","8.200","8.325","8.175","47,57M","0,91%"
"11/10/2022","8.250","8.200","8.300","8.150","64,06M","-0,60%"
"10/10/2022","8.300","8.150","8.375","8.125","80,24M","1,22%"
"07/10/2022","8.200","8.325","8.375","8.200","112,04M","-2,67%"
"06/10/2022","8.425","8.475","8.500","8.425","43,97M","-0,30%"
"05/10/2022","8.450","8.525","8.550","8.425","63,79M","-1,17%"
"04/10/2022","8.550","8.525","8.625","8.525","80,52M","0,59%"
"03/10/2022","8.500","8.450","8.525","8.450","115,08M","-0,58%"
"30/09/2022","8.550","8.375","8.575","8.275","176,52M","2,09%"
"29/09/2022","8.375","8.325","8.450","8.325","62,64M","0,60%"
"28/09/2022","8.325","8.250","8.425","8.250","89,15M","0,30%"
"27/09/2022","8.300","8.375","8.450","8.300","89,57M","-1,48%"
"26/09/2022","8.425","8.200","8.500","8.200","106,23M","0,60%"
"23/09/2022","8.375","8.375","8.475","8.375","60,57M","-1,18%"
"22/09/2022","8.475","8.375","8.525","8.375","61,91M","0,00%"
"21/09/2022","8.475","8.525","8.600","8.425","90,93M","-0,88%"
"20/09/2022","8.550","8.550","8.650","8.550","89,24M","-1,16%"
"19/09/2022","8.650","8.475","8.750","8.450","102,53M","2,37%"
"16/09/2022","8.450","8.700","8.725","8.450","363,13M","-3,43%"
"15/09/2022","8.750","8.500","8.875","8.500","190,40M","2,94%"
"14/09/2022","8.500","8.375","8.650","8.375","116,64M","-0,29%"
"13/09/2022","8.525","8.375","8.575","8.375","124,49M","1,79%"
"12/09/2022","8.375","8.325","8.425","8.325","52,40M","0,00%"
"09/09/2022","8.375","8.500","8.500","8.275","91,23M","0,30%"
"08/09/2022","8.350","8.400","8.500","8.350","132,78M","-0,30%"
"07/09/2022","8.375","8.250","8.375","8.250","101,24M","1,21%"
"06/09/2022","8.275","8.300","8.350","8.250","67,12M","0,00%"
"05/09/2022","8.275","8.225","8.300","8.200","62,91M","0,61%"
"02/09/2022","8.225","8.150","8.225","8.150","61,35M","0,92%"
"01/09/2022","8.150","8.150","8.250","8.125","76,12M","-0,61%"
"31/08/2022","8.200","8.075","8.225","8.050","137,66M","0,31%"
"30/08/2022","8.175","8.100","8.275","8.075","109,60M","0,31%"
"29/08/2022","8.150","8.000","8.150","7.950","72,12M","1,88%"
"26/08/2022","8.000","8.025","8.125","8.000","80,47M","-0,93%"
"25/08/2022","8.075","8.000","8.100","7.900","99,50M","1,57%"
"24/08/2022","7.950","7.950","8.025","7.900","108,89M","0,63%"
"23/08/2022","7.900","8.000","8.000","7.900","71,67M","-1,25%"
"22/08/2022","8.000","7.850","8.000","7.825","97,29M","1,27%"
"19/08/2022","7.900","8.050","8.050","7.900","58,19M","-1,25%"
"18/08/2022","8.000","7.900","8.025","7.875","86,14M","0,31%"
"16/08/2022","7.975","7.950","7.975","7.850","83,56M","0,31%"
"15/08/2022","7.950","7.950","7.975","7.900","81,41M","0,32%"
"12/08/2022","7.925","7.925","7.975","7.850","61,08M","-0,31%"
"11/08/2022","7.950","7.850","7.950","7.825","73,20M","0,63%"
"10/08/2022","7.900","7.800","7.900","7.725","104,38M","0,00%"
"09/08/2022","7.900","7.875","7.975","7.875","92,88M","0,32%"
"08/08/2022","7.875","7.875","7.925","7.750","84,33M","0,00%"
"05/08/2022","7.875","7.825","7.875","7.725","118,73M","0,96%"
"04/08/2022","7.800","7.675","7.800","7.650","144,10M","2,30%"
"03/08/2022","7.625","7.625","7.625","7.575","65,10M","0,33%"
"02/08/2022","7.600","7.600","7.625","7.500","106,47M","1,33%"
"01/08/2022","7.500","7.350","7.500","7.350","104,84M","2,04%"
"29/07/2022","7.350","7.400","7.475","7.350","131,55M","0,00%"
"28/07/2022","7.350","7.375","7.450","7.325","86,91M","0,34%"
"27/07/2022","7.325","7.325","7.350","7.275","58,47M","0,34%"
"26/07/2022","7.300","7.250","7.375","7.250","44,38M","0,00%"
"25/07/2022","7.300","7.350","7.375","7.300","31,25M","-0,34%"
"22/07/2022","7.325","7.400","7.400","7.300","38,96M","-1,01%"
"21/07/2022","7.400","7.400","7.400","7.250","64,34M","0,00%"
"20/07/2022","7.400","7.200","7.400","7.175","105,79M","3,14%"
"19/07/2022","7.175","7.100","7.175","7.100","59,64M","0,35%"
"18/07/2022","7.150","7.025","7.150","7.025","60,08M","2,14%"
"15/07/2022","7.000","7.100","7.100","7.000","57,42M","-0,36%"
"14/07/2022","7.025","7.025","7.100","7.000","83,32M","0,36%"
"13/07/2022","7.000","7.100","7.125","7.000","71,99M","-2,44%"
"12/07/2022","7.175","7.175","7.250","7.150","34,27M","0,70%"
"11/07/2022","7.125","7.200","7.200","7.125","36,83M","-0,35%"
"08/07/2022","7.150","7.125","7.175","7.075","64,31M","0,70%"
"07/07/2022","7.100","7.225","7.250","7.100","86,13M","-2,74%"
"06/07/2022","7.300","7.300","7.325","7.175","66,80M","0,69%"
"05/07/2022","7.250","7.100","7.325","7.100","69,17M","2,84%"
"04/07/2022","7.050","7.250","7.275","7.000","102,24M","-2,76%"
"01/07/2022","7.250","7.300","7.325","7.250","68,74M","0,00%"
"30/06/2022","7.250","7.300","7.400","7.250","101,34M","-0,34%"
"29/06/2022","7.275","7.325","7.400","7.275","75,32M","-0,34%"
"28/06/2022","7.300","7.300","7.400","7.300","119,22M","-0,68%"
"27/06/2022","7.350","7.475","7.500","7.350","77,94M","-1,67%"
"24/06/2022","7.475","7.600","7.600","7.475","57,96M","-0,66%"
"23/06/2022","7.525","7.450","7.575","7.450","60,44M","0,33%"
"22/06/2022","7.500","7.625","7.650","7.500","53,04M","-1,96%"
"21/06/2022","7.650","7.600","7.650","7.550","44,30M","0,33%"
"20/06/2022","7.625","7.600","7.650","7.500","88,14M","1,67%"
"17/06/2022","7.500","7.425","7.550","7.425","117,84M","-0,99%"
"16/06/2022","7.575","7.400","7.600","7.375","132,67M","3,41%"
"15/06/2022","7.325","7.300","7.375","7.300","130,37M","-1,01%"
"14/06/2022","7.400","7.300","7.400","7.250","80,87M","0,68%"
"13/06/2022","7.350","7.300","7.400","7.275","85,54M","0,00%"
"10/06/2022","7.350","7.400","7.450","7.350","111,77M","-2,00%"
"09/06/2022","7.500","7.500","7.575","7.500","107,83M","-1,32%"
"08/06/2022","7.600","7.500","7.600","7.425","108,91M","3,05%"
"07/06/2022","7.375","7.300","7.475","7.300","129,24M","-1,01%"
"06/06/2022","7.450","7.550","7.575","7.425","81,14M","-1,97%"
"03/06/2022","7.600","7.600","7.675","7.575","80,56M","0,33%"
"02/06/2022","7.575","7.625","7.675","7.525","149,23M","-2,26%"
"31/05/2022","7.750","7.600","7.750","7.525","286,29M","2,31%"
"30/05/2022","7.575","7.575","7.600","7.475","105,41M","0,00%"
"27/05/2022","7.575","7.525","7.575","7.475","84,34M","2,71%"
"25/05/2022","7.375","7.400","7.450","7.350","76,75M","0,34%"
"24/05/2022","7.350","7.325","7.475","7.325","108,71M","-0,34%"
"23/05/2022","7.375","7.450","7.475","7.350","71,60M","-0,34%"
"20/05/2022","7.400","7.425","7.475","7.400","86,52M","-0,67%"
"19/05/2022","7.450","7.400","7.475","7.375","140,91M","-1,65%"
"18/05/2022","7.575","7.500","7.575","7.375","153,51M","2,36%"
"17/05/2022","7.400","7.275","7.475","7.275","159,66M","1,02%"
"13/05/2022","7.325","7.250","7.475","7.250","212,97M","0,69%"
"12/05/2022","7.275","7.525","7.550","7.275","240,53M","-4,90%"
"11/05/2022","7.650","7.525","7.700","7.450","156,54M","1,66%"
"10/05/2022","7.525","7.250","7.600","7.250","268,45M","-0,99%"
"09/05/2022","7.600","7.875","7.900","7.600","456,80M","-6,46%"
"28/04/2022","8.125","8.250","8.250","8.075","133,73M","-0,91%"
"27/04/2022","8.200","8.075","8.200","8.075","89,46M","0,92%"
"26/04/2022","8.125","7.925","8.125","7.925","128,36M","1,56%"
"25/04/2022","8.000","7.875","8.000","7.825","91,28M","1,59%"
"22/04/2022","7.875","7.850","7.925","7.800","85,96M","-0,63%"
"21/04/2022","7.925","7.800","7.925","7.750","129,32M","3,59%"
"20/04/2022","7.650","7.725","7.725","7.625","124,39M","0,33%"
"19/04/2022","7.625","7.700","7.700","7.625","98,63M","-0,97%"
"18/04/2022","7.700","7.700","7.725","7.625","68,46M","0,00%"
"14/04/2022","7.700","7.800","7.800","7.700","93,34M","-1,28%"
"13/04/2022","7.800","7.800","7.850","7.750","57,62M","0,00%"
"12/04/2022","7.800","7.725","7.800","7.700","73,47M","0,97%"
"11/04/2022","7.725","7.825","7.875","7.725","62,78M","-1,59%"
"08/04/2022","7.850","7.800","7.875","7.775","69,79M","1,29%"
"07/04/2022","7.750","7.725","7.825","7.700","68,62M","0,00%"
"06/04/2022","7.750","7.825","7.850","7.750","119,26M","-1,90%"
"05/04/2022","7.900","7.900","7.900","7.850","48,53M","0,00%"
"04/04/2022","7.900","7.925","7.925","7.825","57,32M","-0,32%"
"01/04/2022","7.925","8.075","8.075","7.850","105,58M","-0,63%"
"31/03/2022","7.975","7.925","8.000","7.875","112,69M","1,27%"
"30/03/2022","7.875","7.900","7.900","7.825","71,43M","0,32%"
"29/03/2022","7.850","7.875","7.900","7.825","62,18M","-0,63%"
"28/03/2022","7.900","7.825","7.900","7.800","83,91M","-0,63%"
"25/03/2022","7.950","7.900","7.950","7.900","85,10M","0,32%"
"24/03/2022","7.925","7.850","7.950","7.800","95,25M","0,32%"
"23/03/2022","7.900","7.925","7.950","7.825","82,21M","-0,32%"
"22/03/2022","7.925","7.900","7.950","7.875","60,01M","0,32%"
"21/03/2022","7.900","7.800","7.950","7.800","85,49M","0,00%"
"18/03/2022","7.900","8.000","8.100","7.900","143,98M","-1,25%"
"17/03/2022","8.000","8.300","8.300","8.000","132,44M","-2,44%"
"16/03/2022","8.200","8.275","8.275","8.075","149,76M","0,61%"
"15/03/2022","8.150","8.150","8.200","8.075","111,21M","0,93%"
"14/03/2022","8.075","8.050","8.100","7.950","78,43M","1,57%"
"11/03/2022","7.950","7.725","7.950","7.725","61,05M","0,32%"
"10/03/2022","7.925","7.925","7.975","7.800","86,48M","0,96%"
"09/03/2022","7.850","7.700","7.950","7.650","132,81M","2,61%"
"08/03/2022","7.650","7.700","7.850","7.650","119,26M","-0,65%"
"07/03/2022","7.700","7.800","7.850","7.700","130,99M","-2,53%"
"04/03/2022","7.900","7.975","8.025","7.900","132,98M","-0,94%"
"02/03/2022","7.975","8.225","8.225","7.975","100,30M","-0,93%"
"01/03/2022","8.050","8.000","8.175","8.000","136,62M","0,00%"
"25/02/2022","8.050","7.950","8.175","7.925","135,90M","0,63%"
"24/02/2022","8.000","8.125","8.150","7.925","124,95M","-0,62%"
"23/02/2022","8.050","7.900","8.100","7.875","99,24M","1,90%"
"22/02/2022","7.900","7.900","7.950","7.850","80,10M","-0,63%"
"21/02/2022","7.950","7.925","7.975","7.900","43,82M","0,32%"
"18/02/2022","7.925","7.950","7.950","7.850","56,81M","0,32%"
"17/02/2022","7.900","7.850","7.925","7.800","48,70M","-0,94%"
"16/02/2022","7.975","7.850","7.975","7.825","77,06M","1,27%"
"15/02/2022","7.875","7.750","7.875","7.725","55,62M","2,27%"
"14/02/2022","7.700","7.750","7.775","7.700","57,71M","-1,60%"
"11/02/2022","7.825","7.675","7.825","7.650","71,97M","0,97%"
"10/02/2022","7.750","7.950","7.950","7.750","93,28M","-2,52%"
"09/02/2022","7.950","7.850","7.950","7.800","108,92M","2,91%"
"08/02/2022","7.725","7.750","7.850","7.725","61,88M","-0,96%"
"07/02/2022","7.800","7.775","7.800","7.700","56,81M","0,97%"
"04/02/2022","7.725","7.750","7.800","7.700","39,32M","0,00%"
"03/02/2022","7.725","7.800","7.825","7.700","35,10M","-0,96%"
"02/02/2022","7.800","7.775","7.800","7.675","65,31M","2,30%"
"31/01/2022","7.625","7.775","7.775","7.625","68,12M","-1,93%"
"28/01/2022","7.775","7.800","7.825","7.700","70,60M","-0,32%"
"27/01/2022","7.800","7.625","7.800","7.625","71,95M","1,30%"
"26/01/2022","7.700","7.700","7.750","7.650","53,35M","-0,96%"
"25/01/2022","7.775","7.675","7.775","7.625","106,80M","-0,32%"
"24/01/2022","7.800","7.825","7.850","7.775","40,28M","-1,89%"
"21/01/2022","7.950","7.775","7.950","7.700","63,37M","2,25%"
"20/01/2022","7.775","7.725","7.775","7.625","59,93M","1,30%"
"19/01/2022","7.675","7.650","7.725","7.575","60,39M","0,00%"
"18/01/2022","7.675","7.775","7.775","7.550","71,48M","-0,97%"
"17/01/2022","7.750","7.900","7.900","7.700","63,90M","-1,27%"
"14/01/2022","7.850","7.700","7.850","7.650","65,90M","1,95%"
"13/01/2022","7.700","7.700","7.750","7.650","50,03M","0,00%"
"12/01/2022","7.700","7.700","7.700","7.650","62,61M","0,00%"
"11/01/2022","7.700","7.650","7.700","7.625","110,33M","1,32%"
"10/01/2022","7.600","7.575","7.650","7.550","45,35M","-0,65%"
"07/01/2022","7.650","7.550","7.700","7.500","143,43M","2,34%"
"06/01/2022","7.475","7.500","7.525","7.425","63,66M","0,34%"
"05/01/2022","7.450","7.450","7.525","7.375","76,16M","0,68%"
"04/01/2022","7.400","7.325","7.450","7.325","70,62M","1,02%"
"03/01/2022","7.325","7.325","7.400","7.300","54,29M","0,34%"
"30/12/2021","7.300","7.350","7.350","7.300","49,95M","0,00%"
"29/12/2021","7.300","7.350","7.375","7.300","42,08M","-0,68%"
"28/12/2021","7.350","7.375","7.400","7.325","39,34M","0,00%"
"27/12/2021","7.350","7.300","7.350","7.300","20,72M","0,68%"
"24/12/2021","7.300","7.300","7.350","7.300","30,80M","0,00%"
"23/12/2021","7.300","7.325","7.350","7.300","37,14M","-0,34%"
"22/12/2021","7.325","7.425","7.425","7.325","33,23M","-0,68%"
"21/12/2021","7.375","7.325","7.400","7.325","52,39M","0,00%"
"20/12/2021","7.375","7.350","7.400","7.325","74,75M","-1,67%"
"17/12/2021","7.500","7.325","7.500","7.300","107,10M","3,09%"
"16/12/2021","7.275","7.375","7.400","7.275","95,17M","-0,34%"
"15/12/2021","7.300","7.300","7.375","7.275","52,48M","0,00%"
"14/12/2021","7.300","7.300","7.375","7.275","49,76M","0,00%"
"13/12/2021","7.300","7.375","7.400","7.300","59,98M","-1,02%"
"10/12/2021","7.375","7.325","7.375","7.275","91,09M","0,34%"
"09/12/2021","7.350","7.400","7.450","7.350","54,89M","-1,01%"
"08/12/2021","7.425","7.450","7.475","7.400","74,78M","1,02%"
"07/12/2021","7.350","7.450","7.475","7.350","51,26M","0,00%"
"06/12/2021","7.350","7.450","7.475","7.350","56,94M","-0,34%"
"03/12/2021","7.375","7.525","7.525","7.350","63,28M","-1,67%"
"02/12/2021","7.500","7.375","7.500","7.300","66,83M","2,74%"
"01/12/2021","7.300","7.275","7.450","7.275","76,54M","0,34%"
"30/11/2021","7.275","7.325","7.425","7.275","144,92M","-1,69%"
"29/11/2021","7.400","7.275","7.425","7.175","87,91M","1,72%"
"26/11/2021","7.275","7.400","7.450","7.250","113,29M","-2,02%"
"25/11/2021","7.425","7.450","7.525","7.425","40,22M","-0,67%"
"24/11/2021","7.475","7.575","7.575","7.425","35,18M","0,00%"
"23/11/2021","7.475","7.400","7.500","7.400","43,48M","0,00%"
"22/11/2021","7.475","7.425","7.525","7.400","66,33M","0,67%"
"19/11/2021","7.425","7.425","7.450","7.375","68,20M","0,34%"
"18/11/2021","7.400","7.425","7.500","7.400","78,84M","-2,31%"
"17/11/2021","7.575","7.500","7.575","7.425","61,97M","1,34%"
"16/11/2021","7.475","7.400","7.475","7.325","98,62M","-0,33%"
"15/11/2021","7.500","7.625","7.625","7.500","67,34M","-0,33%"
"12/11/2021","7.525","7.750","7.750","7.525","52,59M","-1,95%"
"11/11/2021","7.675","7.700","7.750","7.600","55,79M","0,33%"
"10/11/2021","7.650","7.675","7.675","7.575","47,50M","-0,33%"
"09/11/2021","7.675","7.600","7.675","7.575","101,79M","1,32%"
"08/11/2021","7.575","7.500","7.600","7.450","85,44M","1,68%"
"05/11/2021","7.450","7.475","7.475","7.375","43,12M","1,02%"
"04/11/2021","7.375","7.425","7.475","7.375","61,08M","0,34%"
"03/11/2021","7.350","7.300","7.400","7.250","61,62M","0,68%"
"02/11/2021","7.300","7.375","7.425","7.250","90,54M","-1,35%"
"01/11/2021","7.400","7.550","7.550","7.400","38,59M","-1,00%"
"29/10/2021","7.475","7.450","7.475","7.375","60,64M","1,36%"
"28/10/2021","7.375","7.350","7.425","7.350","75,27M","-1,01%"
"27/10/2021","7.450","7.575","7.575","7.425","57,07M","-1,00%"
"26/10/2021","7.525","7.600","7.600","7.500","70,10M","0,00%"
"25/10/2021","7.525","7.400","7.525","7.400","60,33M","0,00%"
"22/10/2021","7.525","7.450","7.550","7.425","96,73M","1,69%"
"21/10/2021","7.400","7.500","7.550","7.350","106,12M","-1,33%"
"19/10/2021","7.500","7.475","7.525","7.350","134,60M","-0,33%"
"18/10/2021","7.525","7.650","7.675","7.475","116,64M","-1,63%"
"15/10/2021","7.650","7.800","7.875","7.450","142,38M","-1,29%"
"14/10/2021","7.750","7.600","7.900","7.600","138,81M","2,99%"
"13/10/2021","7.525","7.400","8.250","7.400","210,89M","2,80%"
"12/10/2021","7.320","7.255","7.320","7.245","91,07M","0,90%"
"11/10/2021","7.255","7.240","7.290","7.230","47,20M","-0,48%"
"08/10/2021","7.290","7.200","7.300","7.175","94,64M","1,82%"
"07/10/2021","7.160","7.175","7.175","7.080","107,26M","-0,28%"
"06/10/2021","7.180","6.980","7.180","6.970","174,31M","3,38%"
"05/10/2021","6.945","6.910","6.945","6.860","54,99M","-0,22%"
"04/10/2021","6.960","6.740","6.960","6.740","74,72M","2,96%"
"01/10/2021","6.760","6.900","6.900","6.710","103,95M","-3,43%"
"30/09/2021","7.000","6.600","7.000","6.595","156,85M","6,38%"
"29/09/2021","6.580","6.520","6.580","6.515","74,08M","0,92%"
"28/09/2021","6.520","6.540","6.560","6.500","80,19M","-0,91%"
"27/09/2021","6.580","6.585","6.595","6.555","55,05M","-0,08%"
"24/09/2021","6.585","6.500","6.585","6.500","60,54M","0,08%"
"23/09/2021","6.580","6.555","6.590","6.545","61,00M","0,38%"
"22/09/2021","6.555","6.500","6.580","6.500","68,72M","1,00%"
"21/09/2021","6.490","6.510","6.535","6.470","57,12M","-1,44%"
"20/09/2021","6.585","6.570","6.590","6.510","73,16M","1,00%"
"17/09/2021","6.520","6.490","6.535","6.480","117,54M","0,31%"
"16/09/2021","6.500","6.580","6.580","6.480","58,67M","0,08%"
"15/09/2021","6.495","6.545","6.550","6.485","44,51M","-0,76%"
"14/09/2021","6.545","6.590","6.595","6.495","51,99M","-0,15%"
"13/09/2021","6.555","6.560","6.560","6.525","29,93M","0,54%"
"10/09/2021","6.520","6.495","6.565","6.495","41,48M","-0,76%"
"09/09/2021","6.570","6.410","6.570","6.410","110,07M","2,02%"
"08/09/2021","6.440","6.550","6.595","6.420","77,89M","-1,98%"
"07/09/2021","6.570","6.595","6.605","6.570","53,90M","-0,08%"
"06/09/2021","6.575","6.600","6.605","6.550","36,78M","-0,38%"
"03/09/2021","6.600","6.560","6.600","6.515","35,76M","0,92%"
"02/09/2021","6.540","6.525","6.575","6.455","53,26M","-0,38%"
"01/09/2021","6.565","6.550","6.600","6.535","67,36M","0,23%"
"31/08/2021","6.550","6.520","6.570","6.515","115,37M","-0,23%"
"30/08/2021","6.565","6.530","6.580","6.520","74,56M","0,84%"
"27/08/2021","6.510","6.490","6.530","6.490","71,57M","-0,76%"
"26/08/2021","6.560","6.560","6.580","6.470","74,34M","-0,61%"
"25/08/2021","6.600","6.600","6.605","6.585","80,75M","0,00%"
"24/08/2021","6.600","6.570","6.600","6.500","59,56M","0,15%"
"23/08/2021","6.590","6.515","6.590","6.515","68,25M","-0,15%"
"20/08/2021","6.600","6.600","6.600","6.510","120,16M","0,00%"
"19/08/2021","6.600","6.600","6.600","6.530","100,93M","0,00%"
"18/08/2021","6.600","6.520","6.760","6.460","186,35M","2,80%"
"16/08/2021","6.420","6.420","6.420","6.305","69,28M","0,16%"
"13/08/2021","6.410","6.350","6.435","6.325","86,93M","1,75%"
"12/08/2021","6.300","6.120","6.320","6.120","118,33M","0,00%"
"10/08/2021","6.300","6.250","6.300","6.115","60,45M","1,61%"
"09/08/2021","6.200","6.135","6.200","6.105","52,86M","0,65%"
"06/08/2021","6.160","6.360","6.360","6.135","67,29M","-2,22%"
"05/08/2021","6.300","6.170","6.310","6.140","93,77M","2,94%"
"04/08/2021","6.120","6.145","6.150","6.060","41,11M","-0,41%"
"03/08/2021","6.145","6.025","6.180","5.985","110,07M","3,10%"
"02/08/2021","5.960","6.060","6.065","5.905","119,98M","-0,17%"
"30/07/2021","5.970","6.040","6.100","5.960","105,69M","-1,16%"
"29/07/2021","6.040","6.055","6.085","5.980","84,61M","1,00%"
"28/07/2021","5.980","6.005","6.010","5.970","74,13M","-0,42%"
"27/07/2021","6.005","6.005","6.060","6.000","53,11M","0,00%"
"26/07/2021","6.005","6.040","6.060","6.005","48,17M","-0,50%"
"23/07/2021","6.035","6.180","6.190","6.025","79,94M","-1,95%"
"22/07/2021","6.155","6.115","6.155","6.050","60,79M","2,41%"
"21/07/2021","6.010","6.050","6.120","6.010","55,01M","0,08%"
"19/07/2021","6.005","6.110","6.110","6.005","47,12M","-1,72%"
"16/07/2021","6.110","6.170","6.170","6.055","48,00M","-0,08%"
"15/07/2021","6.115","6.000","6.115","5.995","49,72M","2,09%"
"14/07/2021","5.990","6.020","6.030","5.980","59,32M","-0,91%"
"13/07/2021","6.045","6.170","6.175","6.015","65,95M","-2,03%"
"12/07/2021","6.170","6.070","6.180","6.020","65,98M","2,49%"
"09/07/2021","6.020","6.010","6.020","5.990","40,71M","0,08%"
"08/07/2021","6.015","6.000","6.040","5.980","47,30M","-0,82%"
"07/07/2021","6.065","6.180","6.180","6.030","35,60M","0,17%"
"06/07/2021","6.055","6.110","6.110","6.055","34,28M","-0,90%"
"05/07/2021","6.110","6.100","6.130","6.070","39,71M","0,16%"
"02/07/2021","6.100","6.070","6.140","6.040","67,39M","1,24%"
"01/07/2021","6.025","6.060","6.075","6.000","58,15M","0,00%"
"30/06/2021","6.025","6.000","6.070","6.000","65,80M","-0,33%"
"29/06/2021","6.045","6.050","6.090","6.040","53,70M","-0,17%"
"28/06/2021","6.055","6.100","6.150","6.055","84,42M","-2,18%"
"25/06/2021","6.190","6.230","6.260","6.190","68,94M","-0,32%"
"24/06/2021","6.210","6.310","6.310","6.200","56,01M","-0,32%"
"23/06/2021","6.230","6.295","6.340","6.230","52,45M","-1,74%"
"22/06/2021","6.340","6.250","6.390","6.240","65,82M","1,44%"
"21/06/2021","6.250","6.300","6.300","6.210","60,82M","-1,19%"
"18/06/2021","6.325","6.300","6.345","6.280","118,04M","-0,08%"
"17/06/2021","6.330","6.390","6.390","6.275","68,45M","-0,86%"
"16/06/2021","6.385","6.420","6.435","6.360","48,98M","-1,31%"
"15/06/2021","6.470","6.445","6.470","6.405","87,80M","0,94%"
"14/06/2021","6.410","6.520","6.520","6.400","61,48M","-0,93%"
"11/06/2021","6.470","6.570","6.580","6.460","72,78M","-2,27%"
"10/06/2021","6.620","6.555","6.620","6.490","73,26M","1,38%"
"09/06/2021","6.530","6.360","6.535","6.360","77,20M","1,56%"
"08/06/2021","6.430","6.575","6.575","6.430","64,35M","-1,53%"
"07/06/2021","6.530","6.560","6.570","6.430","62,58M","-0,76%"
"04/06/2021","6.580","6.620","6.620","6.500","62,11M","-0,30%"
"03/06/2021","6.600","6.495","6.600","6.430","133,81M","2,09%"
"02/06/2021","6.465","6.500","6.515","6.420","141,73M","1,41%"
"31/05/2021","6.375","6.360","6.390","6.325","101,44M","0,55%"
"28/05/2021","6.340","6.330","6.370","6.330","102,11M","1,12%"
"27/05/2021","6.270","6.440","6.480","6.270","537,97M","-1,34%"
"25/05/2021","6.355","6.300","6.440","6.300","87,47M","0,47%"
"24/05/2021","6.325","6.355","6.380","6.290","59,21M","-0,55%"
"21/05/2021","6.360","6.450","6.450","6.260","92,62M","-0,31%"
"20/05/2021","6.380","6.390","6.435","6.350","64,95M","0,55%"
"19/05/2021","6.345","6.380","6.400","6.335","64,91M","-0,70%"
"18/05/2021","6.390","6.400","6.455","6.365","73,56M","-1,69%"
"17/05/2021","6.500","6.500","6.500","6.375","129,06M","0,31%"
"11/05/2021","6.480","6.400","6.480","6.305","70,68M","0,93%"
"10/05/2021","6.420","6.400","6.420","6.395","68,18M","0,31%"
"07/05/2021","6.400","6.460","6.460","6.385","48,86M","-0,39%"
"06/05/2021","6.425","6.400","6.450","6.400","38,12M","0,00%"
"05/05/2021","6.425","6.420","6.430","6.400","51,69M","0,39%"
"04/05/2021","6.400","6.350","6.430","6.340","50,12M","0,16%"
"03/05/2021","6.390","6.480","6.480","6.345","42,07M","-0,23%"
"30/04/2021","6.405","6.450","6.450","6.380","65,83M","-0,08%"
"29/04/2021","6.410","6.460","6.460","6.360","57,36M","1,42%"
"28/04/2021","6.320","6.400","6.405","6.315","87,66M","-1,33%"
"27/04/2021","6.405","6.370","6.435","6.355","132,65M","1,91%"
"26/04/2021","6.285","6.395","6.400","6.280","108,74M","-1,64%"
"23/04/2021","6.390","6.280","6.395","6.225","108,50M","2,82%"
"22/04/2021","6.215","6.200","6.275","6.180","63,76M","0,81%"
"21/04/2021","6.165","6.200","6.225","6.165","68,40M","-1,12%"
"20/04/2021","6.235","6.200","6.250","6.185","72,72M","-0,56%"
"19/04/2021","6.270","6.275","6.280","6.230","47,10M","-0,08%"
"16/04/2021","6.275","6.370","6.370","6.215","79,29M","-0,08%"
"15/04/2021","6.280","6.305","6.310","6.180","102,69M","-0,40%"
"14/04/2021","6.305","6.105","6.305","6.060","135,52M","5,08%"
"13/04/2021","6.000","6.050","6.060","5.980","119,21M","-1,07%"
"12/04/2021","6.065","6.295","6.295","6.060","110,41M","-2,18%"
"09/04/2021","6.200","6.315","6.320","6.145","116,96M","1,06%"
"08/04/2021","6.135","6.200","6.215","6.125","123,70M","-1,84%"
"07/04/2021","6.250","6.155","6.275","6.135","107,91M","1,38%"
"06/04/2021","6.165","6.135","6.170","6.080","80,22M","0,16%"
"05/04/2021","6.155","6.250","6.290","6.155","73,31M","-1,12%"
"01/04/2021","6.225","6.215","6.270","6.155","112,29M","0,16%"
"31/03/2021","6.215","6.390","6.395","6.145","223,39M","-2,81%"
"30/03/2021","6.395","6.370","6.455","6.370","83,12M","0,55%"
"29/03/2021","6.360","6.410","6.515","6.360","113,37M","-0,86%"
"26/03/2021","6.415","6.370","6.445","6.300","134,47M","0,71%"
"25/03/2021","6.370","6.400","6.440","6.330","119,10M","-1,09%"
"24/03/2021","6.440","6.515","6.550","6.420","152,05M","-1,90%"
"23/03/2021","6.565","6.720","6.720","6.555","127,76M","-0,83%"
"22/03/2021","6.620","6.640","6.680","6.610","67,52M","-2,07%"
"19/03/2021","6.760","6.770","6.770","6.625","125,85M","0,82%"
"18/03/2021","6.705","6.620","6.720","6.610","70,07M","1,44%"
"17/03/2021","6.610","6.650","6.665","6.605","71,47M","-0,23%"
"16/03/2021","6.625","6.710","6.710","6.620","70,76M","-0,60%"
"15/03/2021","6.665","6.815","6.820","6.665","57,42M","-1,48%"
"12/03/2021","6.765","6.875","6.880","6.715","74,33M","0,89%"
"10/03/2021","6.705","6.720","6.720","6.620","50,30M","1,51%"
"09/03/2021","6.605","6.700","6.715","6.600","135,58M","-1,71%"
"08/03/2021","6.720","6.950","6.950","6.720","90,88M","-1,18%"
"05/03/2021","6.800","6.720","6.925","6.720","111,87M","1,19%"
"04/03/2021","6.720","6.905","7.000","6.720","120,80M","-4,00%"
"03/03/2021","7.000","7.065","7.085","7.000","84,47M","-0,21%"
"02/03/2021","7.015","7.120","7.160","7.000","81,45M","-0,43%"
"01/03/2021","7.045","6.830","7.045","6.800","205,54M","4,99%"
"26/02/2021","6.710","6.705","6.810","6.645","173,63M","0,07%"
"25/02/2021","6.705","6.740","6.770","6.680","78,69M","-0,30%"
"24/02/2021","6.725","6.825","6.835","6.725","71,87M","-1,47%"
"23/02/2021","6.825","6.820","6.845","6.775","58,36M","0,52%"
"22/02/2021","6.790","6.900","6.940","6.790","68,91M","-0,51%"
"19/02/2021","6.825","6.780","6.850","6.760","70,49M","1,34%"
"18/02/2021","6.735","6.850","6.900","6.735","91,20M","-2,39%"
"17/02/2021","6.900","6.890","6.960","6.850","66,01M","-0,58%"
"16/02/2021","6.940","6.880","6.945","6.830","47,22M","2,06%"
"15/02/2021","6.800","6.830","6.890","6.720","83,92M","-1,16%"
"11/02/2021","6.880","6.985","6.985","6.840","36,93M","-0,58%"
"10/02/2021","6.920","7.050","7.050","6.900","44,98M","-0,86%"
"09/02/2021","6.980","7.000","7.030","6.955","75,57M","0,87%"
"08/02/2021","6.920","7.050","7.055","6.880","45,60M","0,07%"
"05/02/2021","6.915","6.870","6.950","6.855","51,60M","0,88%"
"04/02/2021","6.855","6.920","7.000","6.835","80,95M","0,44%"
"03/02/2021","6.825","7.000","7.000","6.825","67,29M","0,37%"
"02/02/2021","6.800","6.965","6.980","6.800","86,74M","-0,29%"
"01/02/2021","6.820","6.760","6.920","6.595","113,13M","0,89%"
"29/01/2021","6.760","6.900","7.000","6.760","132,76M","-2,03%"
"28/01/2021","6.900","6.790","6.925","6.790","104,63M","1,62%"
"27/01/2021","6.790","6.820","6.930","6.705","97,92M","-0,44%"
"26/01/2021","6.820","6.955","7.000","6.820","98,66M","-3,06%"
"25/01/2021","7.035","7.200","7.200","7.000","76,84M","-0,64%"
"22/01/2021","7.080","7.075","7.160","7.075","80,83M","0,07%"
"21/01/2021","7.075","7.280","7.300","7.060","66,43M","-0,28%"
"20/01/2021","7.095","7.165","7.295","7.070","107,22M","0,00%"
"19/01/2021","7.095","7.120","7.120","7.005","73,78M","-0,35%"
"18/01/2021","7.120","6.955","7.125","6.845","86,34M","2,37%"
"15/01/2021","6.955","7.095","7.100","6.840","89,85M","-0,93%"
"14/01/2021","7.020","7.050","7.090","6.995","89,32M","-1,40%"
"13/01/2021","7.120","7.245","7.275","7.070","76,58M","-0,56%"
"12/01/2021","7.160","7.345","7.380","7.160","95,24M","-2,52%"
"11/01/2021","7.345","7.150","7.360","7.145","169,03M","4,18%"
"08/01/2021","7.050","7.035","7.080","6.975","75,03M","1,22%"
"07/01/2021","6.965","7.000","7.050","6.910","71,36M","0,29%"
"06/01/2021","6.945","7.050","7.075","6.880","89,75M","-2,05%"
"05/01/2021","7.090","6.860","7.090","6.850","104,83M","3,73%"
"04/01/2021","6.835","6.800","6.855","6.720","47,94M","0,96%"
"30/12/2020","6.770","6.800","6.800","6.700","52,68M","0,07%"
"29/12/2020","6.765","6.775","6.810","6.740","34,21M","-0,22%"
"28/12/2020","6.780","6.790","6.820","6.660","60,23M","0,82%"
"23/12/2020","6.725","6.905","6.905","6.620","76,95M","0,15%"
"22/12/2020","6.715","6.740","6.820","6.710","61,79M","-1,68%"
"21/12/2020","6.830","6.890","6.890","6.800","93,69M","0,44%"
"18/12/2020","6.800","6.935","6.935","6.755","147,24M","-1,95%"
"17/12/2020","6.935","6.965","7.000","6.820","91,92M","-0,22%"
"16/12/2020","6.950","6.860","6.950","6.840","138,67M","2,36%"
"15/12/2020","6.790","6.830","6.900","6.605","164,02M","-0,44%"
"14/12/2020","6.820","6.800","6.830","6.795","179,79M","1,26%"
"11/12/2020","6.735","6.600","6.780","6.595","214,16M","2,43%"
"10/12/2020","6.575","6.590","6.600","6.540","151,42M","1,31%"
"08/12/2020","6.490","6.520","6.520","6.425","70,56M","-0,46%"
"07/12/2020","6.520","6.500","6.580","6.480","96,64M","2,03%"
"04/12/2020","6.390","6.460","6.465","6.360","65,00M","-1,08%"
"03/12/2020","6.460","6.500","6.525","6.425","98,21M","0,16%"
"02/12/2020","6.450","6.460","6.485","6.340","93,90M","0,86%"
"01/12/2020","6.395","6.220","6.435","6.220","114,56M","3,06%"
"30/11/2020","6.205","6.385","6.400","6.135","393,09M","-2,82%"
"27/11/2020","6.385","6.480","6.490","6.380","87,36M","-1,47%"
"26/11/2020","6.480","6.350","6.490","6.300","64,34M","1,09%"
"25/11/2020","6.410","6.580","6.585","6.380","170,14M","-2,36%"
"24/11/2020","6.565","6.600","6.600","6.545","72,35M","-0,53%"
"23/11/2020","6.600","6.600","6.610","6.550","75,27M","0,00%"
"20/11/2020","6.600","6.640","6.650","6.550","68,47M","-0,23%"
"19/11/2020","6.615","6.520","6.640","6.515","147,35M","0,68%"
"18/11/2020","6.570","6.550","6.575","6.540","99,79M","0,31%"
"17/11/2020","6.550","6.500","6.565","6.490","119,78M","1,08%"
"16/11/2020","6.480","6.485","6.485","6.385","54,91M","1,41%"
"13/11/2020","6.390","6.420","6.450","6.320","82,37M","-0,47%"
"12/11/2020","6.420","6.410","6.495","6.405","83,08M","-1,83%"
"11/11/2020","6.540","6.540","6.565","6.480","131,38M","0,93%"
"10/11/2020","6.480","6.395","6.600","6.380","191,07M","3,10%"
"09/11/2020","6.285","6.300","6.400","6.215","82,74M","-0,24%"
"06/11/2020","6.300","6.160","6.300","6.060","137,30M","2,44%"
"05/11/2020","6.150","5.900","6.180","5.900","161,09M","5,67%"
"04/11/2020","5.820","5.900","5.940","5.785","78,63M","-1,19%"
"03/11/2020","5.890","5.840","5.895","5.835","78,15M","1,20%"
"02/11/2020","5.820","5.760","5.825","5.720","151,01M","0,52%"
"27/10/2020","5.790","5.815","5.830","5.755","89,48M","-0,43%"
"26/10/2020","5.815","5.725","5.835","5.725","70,45M","0,78%"
"23/10/2020","5.770","5.840","5.840","5.750","66,33M","-0,52%"
"22/10/2020","5.800","5.740","5.800","5.705","96,87M","0,35%"
"21/10/2020","5.780","5.860","5.865","5.730","77,94M","-0,43%"
"20/10/2020","5.805","5.880","5.880","5.785","75,00M","-1,61%"
"19/10/2020","5.900","5.750","5.900","5.710","56,87M","2,43%"
"16/10/2020","5.760","5.785","5.790","5.730","89,05M","-0,43%"
"15/10/2020","5.785","5.875","5.880","5.760","82,07M","-1,95%"
"14/10/2020","5.900","5.840","5.900","5.810","83,12M","0,77%"
"13/10/2020","5.855","5.840","5.860","5.770","48,25M","0,00%"
"12/10/2020","5.855","5.840","5.875","5.830","82,92M","1,39%"
"09/10/2020","5.775","5.750","5.775","5.720","54,25M","-0,09%"
"08/10/2020","5.780","5.790","5.800","5.710","77,38M","0,43%"
"07/10/2020","5.755","5.600","5.755","5.580","89,94M","0,96%"
"06/10/2020","5.700","5.630","5.715","5.600","141,96M","3,26%"
"05/10/2020","5.520","5.515","5.560","5.460","58,29M","0,27%"
"02/10/2020","5.505","5.560","5.565","5.440","66,85M","-1,17%"
"01/10/2020","5.570","5.485","5.570","5.480","56,89M","2,77%"
"30/09/2020","5.420","5.565","5.565","5.420","107,38M","-1,54%"
"29/09/2020","5.505","5.575","5.635","5.460","117,78M","-0,18%"
"28/09/2020","5.515","5.650","5.695","5.500","93,52M","-1,69%"
"25/09/2020","5.610","5.480","5.625","5.460","100,71M","3,03%"
"24/09/2020","5.445","5.430","5.535","5.390","88,62M","-1,09%"
"23/09/2020","5.505","5.450","5.585","5.425","100,52M","1,01%"
"22/09/2020","5.450","5.520","5.565","5.430","163,44M","-2,77%"
"21/09/2020","5.605","5.640","5.735","5.595","112,44M","-0,44%"
"18/09/2020","5.630","5.700","5.735","5.570","316,91M","-2,17%"
"17/09/2020","5.755","5.750","5.855","5.665","138,80M","0,09%"
"16/09/2020","5.750","5.860","5.870","5.745","158,57M","-1,88%"
"15/09/2020","5.860","6.040","6.100","5.860","170,09M","-3,14%"
"14/09/2020","6.050","6.000","6.115","5.985","138,12M","2,46%"
"11/09/2020","5.905","5.800","5.975","5.620","403,03M","1,64%"
"10/09/2020","5.810","6.220","6.220","5.810","175,74M","-6,97%"
"09/09/2020","6.245","6.300","6.320","6.210","49,29M","-1,42%"
"08/09/2020","6.335","6.285","6.360","6.285","39,65M","0,80%"
"07/09/2020","6.285","6.335","6.360","6.200","64,25M","-1,49%"
"04/09/2020","6.380","6.450","6.450","6.265","80,61M","-1,85%"
"03/09/2020","6.500","6.465","6.500","6.300","68,21M","1,01%"
"02/09/2020","6.435","6.520","6.560","6.365","66,07M","-1,30%"
"01/09/2020","6.520","6.280","6.520","6.240","67,45M","3,90%"
"31/08/2020","6.275","6.500","6.540","6.275","97,03M","-3,39%"
"28/08/2020","6.495","6.560","6.600","6.425","52,29M","-1,59%"
"27/08/2020","6.600","6.365","6.600","6.340","68,33M","4,10%"
"26/08/2020","6.340","6.385","6.390","6.305","42,98M","-0,39%"
"25/08/2020","6.365","6.320","6.380","6.305","49,21M","0,79%"
"24/08/2020","6.315","6.340","6.380","6.280","66,88M","-0,24%"
"19/08/2020","6.330","6.360","6.410","6.310","58,79M","-0,47%"
"18/08/2020","6.360","6.405","6.425","6.300","81,56M","-0,70%"
"14/08/2020","6.405","6.300","6.405","6.240","57,32M","1,67%"
"13/08/2020","6.300","6.260","6.300","6.180","48,58M","0,64%"
"12/08/2020","6.260","6.175","6.260","6.160","35,61M","1,38%"
"11/08/2020","6.175","6.140","6.200","6.130","38,80M","0,90%"
"10/08/2020","6.120","6.180","6.200","6.105","37,77M","-0,97%"
"07/08/2020","6.180","6.265","6.285","6.160","43,62M","-1,28%"
"06/08/2020","6.260","6.215","6.295","6.185","55,26M","0,89%"
"05/08/2020","6.205","6.200","6.220","6.100","49,39M","-0,08%"
"04/08/2020","6.210","6.155","6.220","6.130","79,36M","1,31%"
"03/08/2020","6.130","6.220","6.235","5.825","137,08M","-1,76%"
"30/07/2020","6.240","6.135","6.240","6.055","80,53M","1,71%"
"29/07/2020","6.135","6.185","6.185","6.100","50,26M","-0,81%"
"28/07/2020","6.185","6.120","6.200","6.060","65,28M","1,39%"
"27/07/2020","6.100","6.100","6.140","6.000","41,97M","0,00%"
"24/07/2020","6.100","6.200","6.200","6.100","58,37M","-1,61%"
"23/07/2020","6.200","6.180","6.215","6.140","84,03M","0,32%"
"22/07/2020","6.180","6.210","6.250","6.130","44,73M","-0,32%"
"21/07/2020","6.200","6.100","6.235","6.100","84,16M","0,98%"
"20/07/2020","6.140","6.120","6.160","6.060","59,79M","0,33%"
"17/07/2020","6.120","6.135","6.180","6.040","73,35M","-0,97%"
"16/07/2020","6.180","6.150","6.200","6.140","66,52M","0,49%"
"15/07/2020","6.150","6.200","6.240","6.150","61,47M","-0,81%"
"14/07/2020","6.200","6.175","6.200","6.110","45,62M","0,40%"
"13/07/2020","6.175","6.230","6.240","6.140","86,01M","-0,40%"
"10/07/2020","6.200","6.100","6.240","6.080","67,22M","1,64%"
"09/07/2020","6.100","6.210","6.240","6.030","93,54M","-1,61%"
"08/07/2020","6.200","5.990","6.265","5.980","106,44M","3,51%"
"07/07/2020","5.990","5.940","5.995","5.900","74,17M","0,93%"
"06/07/2020","5.935","5.860","5.935","5.850","67,80M","1,11%"
"03/07/2020","5.870","5.870","5.905","5.840","52,22M","0,00%"
"02/07/2020","5.870","5.775","5.870","5.760","75,59M","1,21%"
"01/07/2020","5.800","5.700","5.800","5.675","63,96M","1,84%"
"30/06/2020","5.695","5.700","5.740","5.660","74,47M","0,35%"
"29/06/2020","5.675","5.640","5.695","5.585","48,80M","0,53%"
"26/06/2020","5.645","5.720","5.760","5.640","57,47M","-1,40%"
"25/06/2020","5.725","5.700","5.745","5.640","51,42M","0,35%"
"24/06/2020","5.705","5.650","5.760","5.640","57,33M","1,51%"
"23/06/2020","5.620","5.570","5.660","5.520","69,95M","1,44%"
"22/06/2020","5.540","5.595","5.660","5.530","51,59M","-0,63%"
"19/06/2020","5.575","5.600","5.650","5.545","110,07M","-0,18%"
"18/06/2020","5.585","5.720","5.740","5.585","68,03M","-2,36%"
"17/06/2020","5.720","5.800","5.800","5.680","79,80M","-0,69%"
"16/06/2020","5.760","5.580","5.795","5.580","91,52M","4,73%"
"15/06/2020","5.500","5.680","5.710","5.500","100,84M","-3,00%"
"12/06/2020","5.670","5.680","5.680","5.480","96,04M","-0,18%"
"11/06/2020","5.680","5.750","5.810","5.605","85,19M","-2,07%"
"10/06/2020","5.800","5.800","5.865","5.595","115,38M","-0,09%"
"09/06/2020","5.805","5.940","5.995","5.795","100,11M","-1,61%"
"08/06/2020","5.900","5.755","5.925","5.755","173,56M","3,06%"
"05/06/2020","5.725","5.790","5.855","5.585","88,16M","-1,12%"
"04/06/2020","5.790","5.780","5.990","5.600","236,16M","0,17%"
"03/06/2020","5.780","5.410","5.780","5.400","279,67M","7,84%"
"02/06/2020","5.360","5.260","5.500","5.240","181,37M","3,28%"
"29/05/2020","5.190","5.295","5.295","5.190","399,41M","-1,98%"
"28/05/2020","5.295","5.000","5.320","5.000","229,23M","6,65%"
"27/05/2020","4.965","4.970","5.000","4.855","151,75M","-0,10%"
"26/05/2020","4.970","4.775","5.000","4.775","176,08M","4,30%"
"20/05/2020","4.765","4.720","4.800","4.690","119,16M","1,82%"
"19/05/2020","4.680","4.840","4.960","4.680","128,50M","-1,78%"
"18/05/2020","4.765","4.800","4.845","4.750","140,00M","-0,42%"
"15/05/2020","4.785","4.920","4.995","4.680","205,79M","-2,74%"
"14/05/2020","4.920","5.070","5.110","4.905","131,27M","-3,72%"
"13/05/2020","5.110","5.160","5.170","5.085","94,97M","-2,11%"
"12/05/2020","5.220","5.340","5.340","5.030","118,66M","-1,42%"
"11/05/2020","5.295","5.245","5.325","5.245","40,62M","0,95%"
"08/05/2020","5.245","5.345","5.400","5.150","123,03M","-2,05%"
"06/05/2020","5.355","5.315","5.370","5.300","86,40M","1,32%"
"05/05/2020","5.285","5.220","5.340","5.200","118,64M","1,25%"
"04/05/2020","5.220","5.150","5.300","5.000","114,50M","0,97%"
"30/04/2020","5.170","4.880","5.250","4.880","174,08M","6,60%"
"29/04/2020","4.850","4.825","4.850","4.800","121,16M","0,41%"
"28/04/2020","4.830","4.960","4.975","4.805","180,49M","-2,62%"
"27/04/2020","4.960","4.940","5.020","4.855","151,10M","0,81%"
"24/04/2020","4.920","5.120","5.140","4.920","131,15M","-3,91%"
"23/04/2020","5.120","5.180","5.245","5.120","105,42M","-0,49%"
"22/04/2020","5.145","5.160","5.235","5.045","107,26M","-0,29%"
"21/04/2020","5.160","5.355","5.355","5.160","73,43M","-3,64%"
"20/04/2020","5.355","5.430","5.500","5.330","90,74M","-1,29%"
"17/04/2020","5.425","5.300","5.445","5.280","160,94M","3,53%"
"16/04/2020","5.240","5.485","5.520","5.185","176,99M","-4,47%"
"15/04/2020","5.485","5.515","5.630","5.445","95,34M","-0,54%"
"14/04/2020","5.515","5.505","5.590","5.445","95,80M","0,27%"
"13/04/2020","5.500","5.540","5.615","5.480","58,04M","-1,70%"
"09/04/2020","5.595","5.600","5.695","5.500","90,00M","-0,71%"
"08/04/2020","5.635","5.655","5.660","5.480","106,11M","-0,35%"
"07/04/2020","5.655","5.735","6.100","5.580","149,15M","-1,39%"
"06/04/2020","5.735","5.520","5.740","5.495","78,18M","4,37%"
"03/04/2020","5.495","5.460","5.530","5.365","110,51M","1,57%"
"02/04/2020","5.410","5.470","5.470","5.360","136,62M","-1,28%"
"01/04/2020","5.480","5.560","5.750","5.425","152,83M","-0,81%"
"31/03/2020","5.525","5.660","5.710","5.485","182,64M","0,55%"
"30/03/2020","5.495","5.480","5.555","5.155","159,96M","-0,27%"
"27/03/2020","5.510","5.360","5.895","5.355","269,68M","4,36%"
"26/03/2020","5.280","4.650","5.395","4.650","331,63M","17,33%"
"24/03/2020","4.500","4.450","4.995","4.450","253,97M","1,58%"
"23/03/2020","4.430","4.760","5.000","4.405","217,84M","-6,44%"
"20/03/2020","4.735","4.600","5.385","4.325","335,13M","1,83%"
"19/03/2020","4.650","4.995","4.995","4.650","264,42M","-7,00%"
"18/03/2020","5.000","5.120","5.380","4.765","180,05M","-2,34%"
"17/03/2020","5.120","5.495","5.505","5.120","212,20M","-6,99%"
"16/03/2020","5.505","5.660","5.660","5.315","150,55M","-2,74%"
"13/03/2020","5.660","5.560","5.750","5.175","211,69M","1,80%"
"12/03/2020","5.560","5.600","5.640","5.460","129,85M","-4,96%"
"11/03/2020","5.850","5.950","5.980","5.790","93,20M","-1,27%"
"10/03/2020","5.925","5.840","6.010","5.840","133,67M","2,42%"
"09/03/2020","5.785","6.000","6.040","5.785","140,89M","-6,69%"
"06/03/2020","6.200","6.350","6.350","6.200","77,84M","-3,65%"
"05/03/2020","6.435","6.540","6.540","6.340","77,58M","-0,08%"
"04/03/2020","6.440","6.315","6.500","6.260","83,03M","1,90%"
"03/03/2020","6.320","6.200","6.350","6.200","114,66M","3,95%"
"02/03/2020","6.080","6.290","6.290","6.035","144,87M","-3,34%"
"28/02/2020","6.290","6.200","6.290","6.035","169,95M","0,00%"
"27/02/2020","6.290","6.470","6.475","6.200","129,25M","-2,02%"
"26/02/2020","6.420","6.500","6.535","6.420","92,82M","-1,68%"
"25/02/2020","6.530","6.550","6.560","6.510","86,45M","0,08%"
"24/02/2020","6.525","6.565","6.600","6.510","84,91M","-1,36%"
"21/02/2020","6.615","6.600","6.660","6.595","98,26M","0,30%"
"20/02/2020","6.595","6.690","6.695","6.565","136,72M","-1,49%"
"19/02/2020","6.695","6.665","6.760","6.665","74,59M","0,00%"
"18/02/2020","6.695","6.685","6.720","6.670","98,44M","-0,37%"
"17/02/2020","6.720","6.680","6.750","6.680","115,32M","0,60%"
"14/02/2020","6.680","6.780","6.795","6.675","147,03M","-1,62%"
"13/02/2020","6.790","6.820","6.820","6.740","49,74M","-0,15%"
"12/02/2020","6.800","6.800","6.800","6.760","69,97M","0,29%"
"11/02/2020","6.780","6.785","6.785","6.745","77,53M","-0,07%"
"10/02/2020","6.785","6.760","6.785","6.630","66,58M","0,37%"
"07/02/2020","6.760","6.710","6.780","6.705","82,61M","0,30%"
"06/02/2020","6.740","6.740","6.780","6.680","154,69M","0,15%"
"05/02/2020","6.730","6.780","6.780","6.650","123,00M","1,97%"
"04/02/2020","6.600","6.570","6.620","6.520","113,32M","2,48%"
"03/02/2020","6.440","6.480","6.585","6.370","149,80M","-0,62%"
"31/01/2020","6.480","6.800","6.805","6.480","163,14M","-3,86%"
"30/01/2020","6.740","6.845","6.845","6.730","71,99M","-0,66%"
"29/01/2020","6.785","6.800","6.845","6.770","43,82M","-0,07%"
"28/01/2020","6.790","6.835","6.845","6.755","82,62M","-0,73%"
"27/01/2020","6.840","6.865","6.940","6.815","39,68M","0,44%"
"24/01/2020","6.810","6.820","6.880","6.810","69,65M","-0,44%"
"23/01/2020","6.840","6.885","6.895","6.830","87,73M","0,00%"
"22/01/2020","6.840","6.855","6.895","6.835","94,31M","0,15%"
"21/01/2020","6.830","6.885","6.895","6.825","103,98M","-0,07%"
"20/01/2020","6.835","6.950","6.975","6.830","93,55M","-0,58%"
"17/01/2020","6.875","6.840","6.890","6.800","38,25M","0,36%"
"16/01/2020","6.850","6.805","6.890","6.795","88,93M","0,22%"
"15/01/2020","6.835","6.870","7.060","6.800","75,62M","-0,51%"
"14/01/2020","6.870","6.745","6.885","6.740","93,58M","1,85%"
"13/01/2020","6.745","6.740","6.760","6.735","67,86M","0,30%"
"10/01/2020","6.725","6.765","6.825","6.710","73,36M","-0,22%"
"09/01/2020","6.740","6.740","6.755","6.730","40,36M","0,90%"
"08/01/2020","6.680","6.670","6.745","6.670","53,69M","-0,89%"
"07/01/2020","6.740","6.735","6.770","6.730","45,02M","0,07%"
"06/01/2020","6.735","6.720","6.750","6.690","27,30M","-0,96%"
"03/01/2020","6.800","6.750","6.800","6.725","47,76M","1,64%"
"02/01/2020","6.690","6.695","6.780","6.680","49,45M","0,07%"